Thomas J. Schriber,41
Averill M. Law,37
Robert G. Sargent,35
James R. Wilson,30
A. Alan B. Pritsker,28
James O. Henriksen,27
Stephen D. Roberts,26
Lee W. Schruben,22
Richard E. Nance,21
Peter W. Glynn,19
Bruce W. Schmeiser,18
David Goldsman,18
Charles R. Standridge,18
Barry L. Nelson,18
W. David Kelton,17
C. Dennis Pegden,16
Bernard P. Zeigler,15
Lee Schruben,14
Thomas D. Clark Jr.,14
Andrew F. Seila,14
Robert E. Shannon,14
Julian Reitman,13
Paul A. Fishwick,13
George S. Fishman,13
Jerry Banks,13
William E. Biles,13
Osman Balci,13
Peter D. Welch,12
Daniel T. Brunner,12
Edward C. Russell,12
Pierre L'Ecuyer,12
Paul F. Reynolds Jr.,11
Jean J. O'Reilly,11
Jerzy W. Rozenblit,11
David M. Nicol,11
Randall P. Sadowski,10
Bruce Schmeiser,10
Peter A. W. Lewis,10
James J. Swain,10
Van B. Norman,10
Stephen G. Vincent,10
William J. Garrison,10
Arne Thesen,10
Jeff Rothenberg,9
William R. Lilegdon,9
Edward A. MacNair,9
Russell C. H. Cheng,9
Robert C. Crain,9
Bernard J. Schroer,9
Gordon M. Clark,9
Deborah A. Davis,8
Philip Heidelberger,8
Rajan Suri,8
Jeffrey D. Tew,8
Paul F. Roth,8
Jorge Haddock,8
Kenneth J. Musselman,8
Onur M. Ulgen,7
Richard M. Fujimoto,7
Brian W. Unger,7
Russell R. Barton,7
Timothy Thomasma,7
John S. Carson,7
D. J. Medeiros,7
Sallie Sheppard,7
Enver Yücesan,6
Michael C. Fu,6
Mark E. Johnson,6
F. Paul Wyman,6
David T. Sturrock,6
Marc Abrams,6
Dana L. Wyatt,6
Wayne J. Davis,6
Michael G. McComas,6
Richard J. Mayer,6
Douglas J. Morrice,6
Donald L. Iglehart,6
Rajive L. Bagrodia,6
Ray J. Paul,6
Sheldon H. Jacobson,6
Richard W. Andrews,6
Robert F. Gordon,6
Kevin J. Healy,6
Tuncer I. Ören,6
Susumu Morito,5
Keebom Kang,5
G. Arthur Mihram,5
Perwez Shahabuddin,5
C. Michael Overstreet,5
Hamdy A. Taha,5
Michael G. Ketcham,5
Robert E. Young,5
John E. Lenz,5
Voratas Kachitvichyanukul,5
Martha A. Centeno,5
Graham Birtwistle,5
J. G. Shanthikumar,5
John M. Charnes,5
Douglas W. Jones,5
Paul Glasserman,5
Nancy J. Earle,5
Jeffry Jones,5
Robin J. Miner,5
Kurtiss J. Gordon,5
Gerald T. Mackulak,5
Mary E. Grant,5
Charles M. Shub,5
Soemon Takakuwa,5
John Craig Comfort,5
Farhad Azadivar,5
Robert M. O'Keefe,5
Larry L. Wear,5
Joseph M. Sussman,5
James F. Kurose,5
Springer W. Cox,5
David Alan Grier,5
Charles R. Harrell,5
Sigrun Andradottir,5
Udo W. Pooch,4
Bennett L. Fox,4
Dirk Baezner,4
William W. Happ,4
Douglas G. MacFarland,4
Greg Lomow,4
Paul J. Sanchez,4
Frank Gudan,4
Gregory W. Diehl,4
S. Manivannan,4
Robb Mills,4
Joe H. Mize,4
Linda Weiser Friedman,4
Ken Tumay,4
T. A. Norman,4
Arnold H. Buss,4
Thomas F. Schuppe,4
Saul I. Gass,4
Kenneth W. Bauer Jr.,4
Joan M. Donohue,4
Edward D. Lazowska,4
Jason C. Hsu,4
Steven D. Duket,4
Way Kuo,4
Lawrence L. Rose,4
Laurie J. Rolston,4
John S. Carson II,4
J. W. Schmidt,4
Eric L. Blair,4
Robert S. Dittus,4
Peter L. Haigh,4
Harold G. Hixson,4
Catherine M. Harmonosky,4
Meyer Katzper,4
Kenneth D. Farnsworth,4
Donald Ingerman,4
Joseph R. Litko,4
Sekhar Venkatraman,4
Paul Gray,4
Henry Kleine,4
Marvin S. Seppanen,4
David H. Withers,4
Don T. Phillips,4
Wheyming Tina Song,4
Shu Tezuka,4
Heimo H. Adelsberger,4
David L. Martin,4
Luc Devroye,4
Kenneth N. McKay,4
F.B. Armstrong,4
Michael R. Taaffe,4
Sudhir Srinivasan,4
Kenneth R. Anderson,4
W.D. Kelton,3
Jacob P. Poorte,3
Thomas H. Naylor,3
Brian Unger,3
Louis R. Moore,3
Onala M. Atala,3
Maurice F. Aburdene,3
Douglas G. Fritz,3
K. Ronald Laughery,3
Tag Gon Kim,3
Vernon Rego,3
G. K. Hutchinson,3
Simaan M. AbouRizk,3
Brian A. Malloy,3
Ardavan Nozari,3
William B. Nordgren,3
Keith A. Klafehn,3
Neal M. Bengtson,3
Elliot Sigal,3
Robert W. Klein,3
Donald L. Byrkett,3
James W. Kho,3
Stephen K. Halladin,3
John B. Gilmer Jr.,3
David J. DeBrota,3
Yu-Chi Ho,3
Ricardo F. Garzia,3
Douglas S. Smith,3
George M. Frankfurter,3
Michael Pidd,3
Marvin K. Nakayama,3
Y. C. Ho,3
Joseph J. Talavage,3
A.M. Law,3
Donald A. Heimburger,3
David P. Yancey,3
Ambuj Goyal,3
Herb Schwetman,3
Perakath C. Benjamin,3
Pirooz Vakili,3
Trevor Miles,3
John S. Ramberg,3
Edward F. Mykytka,3
Gerald W. Evans,3
Jim Lee,3
Mark K. Brazier,3
David B. Wortman,3
Paul T. R. Wang,3
Paul Rogers,3
David P. Miller,3
Kenneth A. Powell Jr.,3
Francis J. Brewerton,3
Dean S. Hartley III,3
Udo Pooch,3
R. Greer Lavery,3
Robert Greer Lavery,3
David K. Vaughan,3
Joseph L. Sowers,3
Tenny N. Lam,3
Berth Eklundh,3
Wafik H. Iskander,3
Jeffrey A. Joines,3
Claude Dennis Pegden,3
Laurel E. Travis,3
Sallie V. Sheppard,3
Fan T. Tseng,3
Ernest C. Houck,3
Marc S. Meketon,3
John Goble,3
Jerry G. Fox,3
R. Wayne Gober,3
S. Wali Haider,3
Phillip A. Farrington,3
Murali Krishnamurthi,3
K.J. Healy,3
Christos Alexopoulos,3
Gerald N. Pitts,3
Merriel C. Dewsnup,3
Mark A. Roth,3
J. William Schmidt,3
B.W. Mazziotti,3
F. Hank Grant,3
David E. Douglas,3
L. Leslie Gardner,3
Steven A. Walker,3
Joel J. Luna,3
Richard Wiener,3
R.G. Sargent,3
Edward Mascarenhas,3
Michael J. O'Loughlin,3
Norman R. Nielsen,3
Douglas R. Miller,3
Peter L. Reiher,3
Philip Cobbin,3
Michael A. Crane,3
Ashvin Radiya,3
Val Silbey,3
Tapas K. Som,3
Terrence G. Beaumariage,3
Mary Ann Flanigan,3
G. Miles Johnson,3
Charles R. Cash,3
Alan Covington,3
Jack P. C. Kleijnen,3
Jose A. Sepulveda,3
Martin Goldberg,3
Charles H. Reilly,3
Charles E. Knadler Jr.,3
Roger McHaney,3
Harold J. Steudel,3
S. A. Weiner,3
John L. Ballard,3
David R. Kalasky,3
Bernard Zeigler,3
Darrin West,3
Philip J. Kiviat,3
Ernest H. Page,3
Andrew J. Junga,3
Van Norman,3
David Jefferson,3
George B. Kleindorfer,3
William Biles,2
S.H. Jacobson,2
Ali K. Gunal,2
William S. Keezer,2
Alan B. Pritsker,2
E. Yucesan,2
Lih-Yuan Deng,2
Richard Reese,2
E.C. Russell,2
Salah M. Yousif,2
David P. Sly,2
B.L. Nelson,2
Minghui Yang,2
Jeffery K. Cochran,2
Naim A. Kheir,2
R. M. Bryant,2
Mohamed A. Ahmed,2
Wayne J. Oates,2
Ralph C. Huntsinger,2
David Nicol,2
S. B. O'Reilly,2
Peter M. Waller,2
S. M. Alexander,2
Stephen G. Strickland,2
Deborah J. Seifert,2
W. Bruce Thompson,2
F. McGuire,2
F. Bradley Armstrong,2
Manfred Mittler,2
J. Stuart Hunter,2
J.G. Goble,2
Peter Welch,2
Paul F. Reynolds Jr.,2
Kiyohisa Mizoguichi,2
Aarti Shanker,2
Bojan Groselj,2
Colin L. Moodie,2
John R. Barrett Jr.,2
John C. Comfort,2
R. Garrison Harvey,2
Ralph R. Duersch,2
George N. Krebs,2
Teresa R. Davenport,2
Jonathan F. Bard,2
Mansooreh Mollaghasemi,2
George K. Hutchinson,2
Michael Tomsicek,2
Otis L. Newton,2
Walter J. Trybula,2
J. J. Talavage,2
Mark A. Turnquist,2
Charles H. White,2
François E. Cellier,2
Ruh-Ming Li,2
P. A. W. Lewis,2
Austin J. Lemoine,2
Photios G. Ioannou,2
James C. Hershauer,2
I. Vertinsky,2
Daniel W. Halpin,2
L.A. Okashah,2
S.M. AbouRizk,2
Francis Scheid,2
William A. Sherden,2
Richard Van Slyke,2
Floyd H. Grant III,2
John P. Meszaros,2
Paul G. Loewner,2
Leo J. Cohen,2
S.M. Sanchez,2
D.T. Sturrock,2
Robert R. Hippler,2
Eugene E. Kaczka,2
D.M. Benjamin,2
Yi-Bing Lin,2
A.L. Frank,2
Mark Broadie,2
Tung Au,2
Kenneth Main,2
Barry Shane,2
R. D. Benham,2
John L. Bishop,2
Shanti S. Gupta,2
Jerry Katzke,2
Edward R. Comer,2
P.A. Farrington,2
Pradeep Batra,2
William L. Maxwell,2
Michael Rooks,2
Andrew Seila,2
Gustavo A. Diaz,2
Stephen C. Mathewson,2
Ying Tat Leung,2
Richard L. Ressler,2
Horst E. Ulfers,2
James Browne,2
Dennis Engi,2
Haluk Bekiroglu,2
R.J. Paul,2
Paul E. Rubin,2
J.S. Armstrong,2
Akiya Inoue,2
Theodore J. Mock,2
C. H. Wysowski,2
Martin Hitz,2
Ronald F. Perry,2
Herbert D. Schwetman,2
Wen-Ching Yu,2
Reuven Y. Rubinstein,2
John S. Zuk,2
Paul Reynolds,2
Marios C. Angelides,2
Harald Niederreiter,2
Vlatka Hlupic,2
Bruce A. Cota,2
Steven C. Bruell,2
Shay-Ping T. Wang,2
Enver Yucesan,2
Edward J. Williams,2
Yu-Chao Chu,2
Richard C. Wilson,2
John M. Dutton,2
John Zahorjan,2
James D. Palmer,2
William A. Bailey Jr.,2
Jay B. Ghosh,2
David A. White,2
Athanassios N. Avramidis,2
John Carson,2
M. Rohrer,2
Susan M. Sanchez,2
Joseph G. Macro,2
Nur E. Ozdemirel,2
Beth C. Carpenter,2
Martin Pfaff,2
Subramanian Prakash,2
P. W. U. Graefe,2
Adrienne Bloss,2
Barry L. Bateman,2
Ronald L. Iman,2
M.A.F. Wagner,2
Ronald Segal,2
M. Palmer Terrell,2
Robert E. Markland,2
Donald F. Blumberg,2
Michael P. Bailey,2
John R. Clymer,2
R.E. Nance,2
Susan S. Baum,2
Sarah J. Hood,2
Marcia A. Metcalfe,2
Victor S. Frost,2
Walter L. Whipple,2
Arturo I. Concepcion,2
John Comfort,2
Otis F. Bryan Jr.,2
Arnold Buss,2
Yueh-Min Huang,2
David F. Foster,2
Ralph M. May,2
Mark M. Mekaru,2
Devendra Kumar,2
Mark L. Spearman,2
Susumu Tsuhara,2
Victor E. Middleton,2
Bruno R. Preiss,2
Michael Keenan,2
J.M. Calvin,2
Daryl B. Simons,2
A. J. Parker,2
Stephen L. Robinson,2
Daniel J. Muller,2
Richard Conway,2
Stewart Robinson,2
E.D. Katz,2
Belva J. Cooley,2
W. Swart,2
Sabah U. Randhawa,2
James M. Kraushaar,2
J.W. Schmidt,2
A. Alan B. Pritaker,2
Marilyn S. Sanfilippo,2
Kevin T. Ryan,2
Erwin S. Strauss,2
Frederick Wieland,2
Wei-Ning Yang,2
Pandu R. Tadikamalla,2
Ronald Dattero,2
Chien-Chun Chou,2
Michael B. Thompson,2
Raymond H. Myers,2
Eric S. Grajo,2
Jean O'Reilly,2
Trevor I. Miles,2
P. L'Ecuyer,2
Steven J. Wourms,2
Wade H. Shaw Jr.,2
Stuart Gittlitz,2
Michael K. Ogle,2
T.J. Schriber,2
Edward F. Stafford Jr.,2
Janche Sang,2
Jon R. Hill,2
Ralph Forsaith,2
Donald Margolis,2
J. Harold Pardue,2
E. Joseph Derrick,2
James R. Coakley,2
Ward Whitt,2
J.J. Swain,2
Thomas J. Hindelang,2
Howard Frank,2
Suraj M. Alexander,2
David P. Christy,2
Cindy Morey,2
Darrell W. Starks,2
Wen-Toh Liao,2
Newell E. Chiesl,2
Vadivelu Jeyabalan,2
Gerald R. Armstrong,2
John O'Keefe IV,2
Steven A. Weiner,2
Sayed A. Banawan,2
Paul L. Tuan,2
Myron Uretsky,2
Halim Damerdji,2
Benjamin Melamed,2
Leland T. Blank,2
Susumu Seki,2
Daniel P. Heyman,2
John McLeod,2
Wei-Bo Gong,2
Sanjai Narain,2
Edward J. Dudewicz,2
Der-Fa Robert Chen,2
Mark J. Kiemele,2
Ron Guilmette,2
Larry Mellon,2
Henry C. Alberts,2
D. Goldsman,2
Peter Glynn,2
Robert D. Landel,2
Ricki G. Ingalls,2
Edmond Chin-Ping Chang,2
Kailash M. Bafna,2
David Krahl,2
Gary L. Hogg,2
Gary E. Whitehouse,2
Madhav Rangaswami,2
Yoichi Akiba,2
Michael E. Kuhl,2
Jhyfang Hu,2
K.W. Bauer,2
Bruce A. Powell,2
Lance M. Roark,2
Alan Weiss,2
David Withers,2
Steven G. Vincent,2
Barbara M. Werner,2
D.J. Morrice,2
George Hvidsten,2
Chia Shun Shih,2
David W. Balmer,2
Haruhisa Hasegawa,2
Diane P. Bischak,2
Warren E. Blaisdell,2
G.M. Clark,2
Joseph W. Coleman,2
Conrado M. Gempesaw II,2
Y. V. Reddy,2
Saad Harous,2
Carolyn D. Tobin,2
John W. Dalle Molle,2
W.R. Lilegdon,2
Andrew J. Lipinski,2
George Fishman,2
Thomas Schulze,2
B.W. Schmeiser,2
J. W. Grant,2
Herbert E. Phillips,2
Ralph V. Rogers,2
R. D. Doering,2
Andrew R. Gilman,2
Masanori Fushimi,2
Keun Hyung Lee,2
John K. Jackman,2
G. Anandalingam,2
Steve Hatami,2
Wallace W. White,2
Julie C. Lowery,2
Stephen S. Lavenberg,2
Frank J. Matejcik,2
Catherine W. Stein,2
Stewart V. Hoover,2
Andre Fourcans,2
Paul F. Auclair,2
John A. Buzacott,2
W.V. Neisius,2
Springer Cox,2
Lori S. Cook,2
H. K. Eldin,2
James J. Browne,2
James A. Chisman,2
Kenneth F. Siler,2
Donald R. Drew,2
John M. Gleason,2
Ronald M. Huhn,2
Norman C. Otto,2
John R. Hoffman,2
Mary A. Johnson,2
Paul M. Mellema,2
Martin I. Reiman,2
B. J. Schroer,2
William W. Williams,2
William A. Stout Jr.,2
D. Brent Bandy,2
Bahram Keramati,2
J. Banks,2
Larry F. Huggins,2
Suleyman Sevinc,2
W.R. Franta,2
J. Haddock,2
Chell A. Roberts,2
Fred W. Mill,2
Robert M. Peart,2
Duane R. Ball,2
Patrick J. Starr,2
Jin Wang,2
V. Hlupic,2
Kelwyn A. D'Souza,2
E. C. Russell,2
Boris Lubachevsky,2
Saul Fast,2
J. B. Sinclair,2
K. Heinz Weigl,2
M. W. Shiveley,2
Paul Sanchez,2
J. P. Killus,2
Narsingh Deo,2
T. J. Schriber,2
James Schier,2
Thanos N. Avramidis,2
Peter J. Wong,2
John M. Burt Jr.,2
David B. Pratt,2
Ruth M. Davies,2
Philip M. Wolfe,2
Phillip Cobbin,2
Rolf Clark,2
Jian-Qiang Hu,2
Jean G. Vaucher,2
Everett L. Johnson,2
Gerald Miller,2
Carter L. Franklin II,2
Francis D. Tuggle,2
R.R. Barton,2
John A. Miller,2
Golgen Bengu,2
John Cleary,2
Royce Townsend,2
Dharmaraj Veeramani,2
Thomas E. Bell,2
Liang Y. Liu,2
Marc A. Laymon,2
G.W. Evans,1
A.G. Togias,1
Norman I. Agin,1
Paul D. Amer,1
Tasker Generes,1
R. L. Tummala,1
Gerald Creaven,1
Edward Cohen,1
Edward R. Broad Jr.,1
R. Paterson,1
Edward J. Engall,1
Thomas Ernst,1
M. Moussavi,1
D. Bacon,1
Howard Blum,1
Charles Beightler,1
W.J. Porthouse,1
J. Beaudoin,1
Nataly Giroux,1
Arnold Ockene,1
Leslie D. Interrante,1
Sheikh Burhanuddin,1
William M. Rand,1
C.M. Watson,1
Glenn A. Meredith,1
Sarah J. Wood,1
L.M. Leemis,1
Donald E. Falkenburg,1
Stephen A. Szygenda,1
Paul f. Auclair,1
Catherine Hurley,1
Daniel Martin,1
J. O. Henriksen,1
Jack Dynis,1
F. Chance,1
Kathleen B. Hogan,1
Lawrence Bacher,1
Bela Collins,1
B. Nordgren,1
Mohsen Pazirandeh,1
Dan H. Barnes,1
Charles A. DeFelice,1
Bjorn Myhrhaug,1
S. Fujii,1
J. Misra,1
William F. Flanigan Jr.,1
Wayne H. Wagner,1
James Wang,1
Harry Delcher,1
Burton Simon,1
James A. Bucklew,1
Maclyn L. Clouse,1
John J. Wilson,1
Edward Dudewicz,1
H. Schwetman,1
Morton Norman,1
J. M. Cargal,1
Ulrich Dieter,1
"Kenneth W. ""Bauer",1
D. Jeffery Blumenthal,1
William A. Shrode,1
Sherif Hashem,1
Herbert H. Bell,1
R. Bagrodia,1
William K. Clarkson,1
Roderick R. Reasor,1
David V. McElveen,1
J. H. Ahrens,1
Sankait Vahie,1
Carl J. Schwarz,1
Miles Waugh,1
Michael C. Mills,1
Richard C. Grinold,1
M. Loper,1
Thom Sulanke,1
E.H. Gift,1
Martin K. Solomon,1
Harold Joseph Highland,1
Pete Ball,1
Deborah Kotlarek,1
C. Cheng,1
Turkan K. Gardenier,1
Michael A. Vidulich,1
Paul C. Caruso,1
Caroline Benveniste,1
Mark I. Farber,1
Jesse Gershberg,1
Joel Schlotthauer,1
Ralph W. Swain,1
J. J. Dougherty,1
J.W. Walton,1
J. Shi,1
R.G. Ingalls,1
Paul B. Crawford,1
Maryam S. Shahraray,1
Biswanath Mukherjee,1
D. Segal,1
Qingsu Wang,1
Harold S. Stone,1
Raju Kocharekar,1
D.W. Halpin,1
Peter Hellekalek,1
Darrell Starks,1
R. Armacost,1
David A. Bennett,1
Douglas Gray,1
David E. Crabbs,1
J.W. Thomas,1
J.A. Joines,1
Deborah Medeiros,1
Israel Gitman,1
P. A. Farrington,1
Roger C. Joyner,1
Harvey H. Smerilson,1
P. C. Cooley,1
P. R. Popick,1
Mark Scoggins,1
J.B. Dilworth,1
R. Overstreet,1
Jeanette G. Nymon,1
D. J. Dunne,1
J. E. Richards,1
Robert J. Drazovich,1
Greg Turk,1
Robert P. Roesser,1
Patrick R. Sentucci,1
Kenneth W. Bauer,1
Benjamin F. Giles,1
Michael E. McFall,1
Zhanshan Sun,1
Curtis L. Blais,1
Ralph A. Leonard,1
M. C. Angelides,1
Claire Billingham,1
Mariko Hashimoto,1
Felipe Knop,1
Gary Strohm,1
J.R. Emshoff,1
D. W. Hillen,1
K.R. Laughery,1
Michael T. Meagher,1
R. R. Goforth,1
Bonifacio Andres-Toro,1
William Nehman,1
Peter Ware,1
Thomas C. Kerrigan,1
Anthony A. Saka,1
A.L. Wilson,1
David R. Holmen,1
Robert Brown,1
William Schumer,1
Michael D. Sherman,1
Larry J. Williams,1
Oscar Adaniya,1
Steward V. Hoover,1
Harold G. Miller,1
Jacqueline Lockwood,1
Tom Schuppe,1
Irwin W. Kabak,1
Kenneth I. Klein,1
Stephen Swerling,1
J.C. Lin,1
E. H. Kjelksen,1
David H. Helman,1
Gerald P. Chubb,1
W. R. Sutherland,1
Lynn E. Bussey,1
Aharon Gavriel Beged-Dov,1
M. Murat Köksalan,1
B. Stuckman,1
Jeff McWhirter,1
John E. Hebert,1
Ram Ganeshan,1
Stephen Maloney,1
Louis W. Miller,1
Thomas N. Tryggestad,1
Kyriakos Tsiflakos,1
Charles D. Burdick,1
D.J. Miller,1
Rohamon Ragade,1
David Humphrey,1
John G. Cleary,1
Lynne Goldsman,1
J.G. Macro,1
L. K. Nenonen,1
William E. Weiss,1
Duane L. Setterdahl,1
Jozsef Varkonyi,1
Russell Tsai,1
Kenichi Miura,1
Lester Tennenbaum,1
Malcolm A. Gotterer,1
Cherrie L. Nanninga,1
Lashon B. Booker,1
Phil Kearns,1
A. Ben Clymer,1
Anthony P. Galluscio,1
Victor Chin,1
Nader N. Chehayeb,1
William J. Caldwell,1
William G. Kemple,1
R.C.H. Cheng,1
Paul A. Savoy,1
Kevin E. Bennet,1
Laurence L. George,1
Anil Swami,1
Kerry D. Figiel,1
C.D. Shepard,1
Clayton M. Lockhart,1
William R. Johnson,1
Pieter Voss,1
Terence Berinato,1
Natraj Shanker,1
Chuang Lin,1
John Buzacott,1
Richard L. Justice,1
Ruth M. Davis,1
Peter G. Glassey,1
P. Nick Lawrence,1
Richard Wysk,1
Farshad Fatin,1
Edmon C. Chang,1
J. Robert Suckling,1
Gilmer L. Blankenship,1
Anthony Levas,1
V. J. Kapil,1
Karen J. Murray,1
Ottmar Gihr,1
R. A. Wysk,1
Mike Joost,1
Joseph Macro,1
Carl C. Davis,1
Laurel Travis,1
K. Pawlikowski,1
E. Mascarenhas,1
David Finkel,1
Mary Ann Wagner,1
J. O. Hoffman,1
P.A. Wilsey,1
P.A.W. Lewis,1
Jasna Kuljis,1
S. Dwarkadas,1
William T. Scherer,1
G.S. Hines,1
Phelim Boyle,1
Scott P. Seeburger,1
L. Holt,1
M. E. J. O'Kelly,1
Harvey J. Goldsman,1
David W. Graehl,1
Leonard J. Myers,1
T. Morisaku,1
Dennis Edwards Kroll,1
Janice R. Glowacki,1
James K. Feldman,1
Karen A. Pitts,1
M. Carl Ziemke,1
Kenneth R. Currie,1
Bernhard Weinberg,1
Richard Ressler,1
John E. Herbert,1
Martin Shubik,1
C.R. Karr,1
Charles W. Turk,1
Michel Adès,1
Philip A. Ziegelbaum,1
Lawrence L. Long,1
Gregory L. Tonkay,1
Thomas R. Harris,1
Leah E. Bennett,1
Rodrigo J. Lievano,1
James H. Graham,1
Lisa M. Sokol,1
Miklos A. Vasarhelyi,1
Hiram W. Li,1
Satish K. Dharmaraj,1
Richard J. Assarabowski,1
Karen C. Jones,1
Cynthia J. Erickson,1
P.C. Benjamin,1
Kathleen M. Rutter,1
Edie T. Stevenson,1
K.D. Glazebrook,1
Timothy C. Hawkins,1
W. Lehr,1
Donald C. Lavoie,1
James E. Juckett,1
Leyuan Shi,1
J. Douglas DeMaire,1
G.A. Hagesteijn,1
Neal M. McCollom,1
J.C. Chapman,1
Ken'ichi Isoda,1
F. A. Harris,1
Luis V. Dominguez,1
Mark A. Glavach,1
Mary K. Driskell,1
Sean P. Griffin,1
Bozo Kolonja,1
Howard S. Tsai,1
Kiroshi Awane,1
R. Miles Waugh,1
B. F. Roberts,1
W. W. Happ,1
Robert W. Rice,1
J.E. Lenz,1
W. Daniel Nilsson,1
P. E. Barker,1
Michael A. Fague,1
D. P. Wisemiller,1
M. Leonard Birns,1
Huifen Cheng,1
C. G. Jambotkar,1
Margarita Rovira,1
Roger D. Chamberlain,1
Andrew Andrews,1
Megan L. Tuttle,1
S.K. Park,1
S. L. Pohly,1
Gary J. Nutt,1
David K. LaVal,1
Kieran L. Coughlan,1
Christos Nikolaou,1
T. Wilcox,1
Mont Hubbard,1
Brian Odell,1
A.N. Tantawi,1
Donald T. Ganz,1
Dietmar Geuder,1
Nicholas A. La Para,1
C. C. Collins,1
D. Brunner,1
Kalla J. Sparrow,1
Santhanam Harit,1
A. Tamer Unal,1
Vikas Jha,1
Pravin K. Johri,1
E. A. Nagy,1
Liang-Chyau Sheu,1
T.L. Ross,1
David L. Davidson,1
David M. Profozich,1
S. M. Moussavi,1
Peter M. Ellis,1
I. M. Kyratzoglou,1
Arie Y. Lewin,1
A. A. B. Pritsker,1
Sr.,1
B. Hakes,1
Roy Amara,1
Narinder Nayar,1
N. Chiesl,1
PingSung Leung,1
Robert S. Roberts,1
Nicholas J. Stute,1
Manohar L. Athavale,1
Paul Randolph,1
Amado SanMateo,1
William M. McCormack,1
James E. Gentle,1
C. T. Haan,1
Stewart Hoover,1
Antonie Vandenberge,1
Nicholas Ilyadis,1
Darby F. McBeath,1
Randy Hartline,1
Gordon B. Hazen,1
Dana B. Hopkins Jr.,1
Carl B. Estes,1
C. W. Helms,1
John Danko,1
Howard L. Swaim,1
Athanassios Avramidis,1
Kenneth S. Klesczewski,1
Edward F. Watson,1
D. Uyeno,1
J. J. Ewel,1
Tom E. Salveson,1
Leonard Forman,1
Dirk Coppieters,1
Haojin Wang,1
P.G. Ioannou,1
Betty J. Lanstra,1
Chanaka Wijayasinha,1
Richard W. Plummer,1
Nancy S. Sampson,1
R.A. Gagliano,1
Stephen R. Gordon,1
David W. Morrissey,1
Jerry L. Hooley,1
Chia-Hon Chien,1
Ved Aggarwal,1
Bernard Ziegler,1
H. Imanaka,1
G. A. Spohrer,1
K. Panesar,1
Jerry O. Tuttle,1
Michael L. McGinnis,1
Douglas C. Montgomery,1
Philip V. Rzasa,1
Robert T. McIntyre III,1
J.J. O'Reilly,1
Mark D. Dixon,1
Mary Lynn McHugh,1
Willis A. Soper Jr.,1
M. Wayne Shiveley,1
P.L. Haigh,1
Warren Walker,1
Jerry Golub,1
Peter M. Allaman,1
Chae Hun An,1
J.E. Peterson,1
L. Robert Ogus,1
Fanya S. Montalvo,1
Frank Paterra,1
Walter C. Metz,1
P.H. Schmidt,1
M.A. Greene,1
C.F. Smart,1
Lawrence W. Hillman,1
Robert L. Fehr,1
Peter Stein,1
Kiyoshi Yoneda,1
Marcel Jirina,1
S. H. Zanakis,1
Karen Ast,1
Raman Lakshmanan,1
A. Salazar,1
Marcy Podkopacz,1
Jean Walrand,1
Frederick C. Christie,1
David W. Franke,1
A. Basavatia,1
Manoj N. Duse,1
Robert G. Enk,1
J. Zahorjan,1
Jordan Snyder,1
Peggy Brouse,1
Jerry L. Sanders,1
M.J. Drevna,1
M.D. Heilman,1
R. Ayani,1
Donovan Young,1
A. P. Robinson,1
Jim Hofmann,1
Hideo Fujimoto,1
Reuben R. McDaniel Jr.,1
John J. Tomick,1
Mary Lou Soffa,1
J. Wesley Barnes,1
Hulas H. King,1
Gang-Len Chang,1
A.J. Lipinski,1
Michael R. Frater,1
Mehdi Manesh,1
S. A. Hutchinson,1
Sergei Ovchinnikov,1
Larry Wear,1
Antonio C. Pedrosa,1
N. H. M. Wilson,1
Carsten Boe,1
Melissa J. Walls,1
T. Gavin,1
Ming H. Kuo,1
S. Becker,1
Thomas W. McDowell,1
Jason Rupe,1
Miron Livny,1
Chet Childs,1
Roger D. Phillips,1
Ron Dombrowski,1
Sundar Swaminathan,1
Lowell C. Jerpe,1
J.J. Babiel,1
Greg A. Wong,1
Jonathan D. Stanley,1
James R. Gross,1
Stewart J. Lehman,1
D. Szeflin,1
William G. Browne,1
P. H. S. Redwood,1
Ram Racharnadugu,1
Chin-Fu Ho,1
Nancy Schatz,1
G.Y. Lin,1
Prosper M. Bernard,1
S. L. Morgan,1
Omar Keith Helferich,1
Ross Yakulis,1
Raimund K. Ege,1
Steven R. Parker,1
H.S. Ng,1
Doug Morrice,1
Dennis D. Newhart,1
C. Chien,1
David R. Pratt,1
Mark A. Gallagher,1
Dietmar Pree,1
Ronald S. Morris,1
R. Smith,1
Muralidhar Medidi,1
John F. Hoffmeister,1
Frederick J. Gentner,1
Wallace Ching,1
Gerald S. Shedler,1
Kevin M. Taaffe,1
M. W. Atkinson,1
Sherri A. Conrad,1
V. L. Kapil,1
Vernon E. Cronen,1
R. C. Morey,1
Ralph T. Hocking,1
Harley Courtney,1
Andrew K. C. Wong,1
J. Fike,1
Chuck Rohs,1
S.S. Lavenberg,1
Herman Fischer,1
P.A. Jacobs,1
Hui Jun Han,1
Edward J. Kozinsky,1
Clayton J. Thomas,1
C. J. Hostick,1
Gregory Wilcox,1
V. Carl Hamacher,1
M.L. McGinnis,1
Debasis Mitra,1
Kenneth Tumay,1
Arun G. Walvekar,1
A. Seila,1
Kevin D. Reilly,1
Naeem Malik,1
R. W. Shore,1
J. Agre,1
Richard Backwith,1
Fernando G. Gonzalez,1
G. T. Herman,1
Chris V. Kuhner,1
William Farrell,1
Charles G. Richie,1
William England,1
Arun Murugan,1
Yaoshuang Qu,1
Jingsheng Shi,1
R. B. Taylor,1
Carmen M. Pancerella,1
Debbie Kotlarek,1
Leo E. Hanifin,1
Gustave Rath,1
Glen Johnson,1
David T. Purtilo,1
Thomas R. Spinker,1
David Osterfeld,1
Ed Closuit,1
Charles Jorgenson,1
Richard D. Crum,1
John P. Shewchuk,1
George S. Bernstein,1
Ralph L. Day,1
Bernard M. E. Moret,1
Nelson F. Steele,1
Hwa Sung Na,1
Stephen Richard Parker,1
Dhira Phantumvanit,1
Kevin A. Fosso,1
Patricia G. Strauch,1
Christopher C. Bogan,1
A. R. K. Sastry,1
Young H. Lee,1
P. G. Emma,1
W. Hand,1
B. Gladwin,1
P.M. Goldwater,1
Edward M. Friedman,1
David D. Briggs,1
Gianfranco Balbo,1
Li-Ching Hsiao,1
C. P. Koelling,1
Jonathan C. Javitt,1
H. Wakayama,1
Tony Morgan,1
E.R. Ducot,1
Stanley A. Hendryx,1
Phillippe Cattin,1
Van. B Norman,1
Grayden Figart,1
L. Kleinrock,1
Felix Bretschneider,1
James Madsen,1
L. L. Gardner,1
A.M. DiGioia,1
Philipp F. Schweizer,1
Richard Kronmal,1
John C. Sweeney,1
Pawel Gburzynski,1
David G. Wearner,1
Donald Eller,1
Rodolfo Perdomo,1
Lowell E. Hackbarth,1
Victor F. Shahabuddin,1
Sujit R. Kumar,1
Johan Dahl,1
Janet L. Showers,1
James Bexfield,1
Robert M. Crisp Jr.,1
Joan E. Silverman,1
Tien-Chien Chang,1
S. Narayanan,1
J. Nose,1
Melvin M. Cutler,1
W.H. Hochsteller,1
Lien-Pharn Chien,1
M.C. Fischer,1
Edward Taft,1
Paul G. McConnell,1
Maged M. Dessouky,1
Michael Sheets,1
Steve Corder,1
Sharad Mehrotra,1
Peter Lorenz,1
Dean A. Lebetsky,1
Edward B. Daniels,1
Michael K. Draughn,1
B. Jaramaz,1
Brian D. Withers,1
Robert B. Cooper,1
Robert E. Frederking,1
Leonard Fertuck,1
James F. Ohi,1
Roger L. Burford,1
Osman Balchi,1
Ann Fields,1
Yoshihiro Okuno,1
S. Vincent,1
Sherry D. Frese,1
Paul B. Richards,1
Kenneth R. Hebert,1
R.V. Oakford,1
Constantine Laszos,1
Neal McCollom,1
Debra Renk,1
V. G. Ashar,1
Michael Purm,1
Andres Zellweger,1
Jack C. Wallace,1
Richard M. Feldman,1
Milton Sobel,1
R.M. Shapiro,1
Paul Becker,1
Mark Handelman,1
S. E. Blanch,1
A. B. Nelson,1
D. Ketchum,1
George T. Hummet,1
Simon J. E. Taylor,1
Charles W. Wolfe Jr.,1
R. S. Kinerson,1
Andy D. Ward,1
M. Erraguntla,1
James C. Emery,1
Suresh Vasudevan,1
David Dillard,1
Jerry W. Poe,1
Barry B. Hughes,1
David L. Bussard,1
Acácio M. de O. Porta Nova,1
Kimberly Johnson,1
Amador Muriel,1
Shu Li,1
W.H. Liu,1
S. Daniel,1
M. Mullens,1
A. K. Jain,1
R.L. Bargodia,1
Michael J. Maggard,1
Gerald L. Robinson,1
Srivathsan Jagannathan,1
G.M. Herman,1
William A. Clark Jr.,1
Frank Scarpino,1
Bruce N. Schneiser,1
Daniel P. Barker,1
Roy Henderson,1
Daniel G. Shimshak,1
James Steinbugl,1
Phillip A. Dickens,1
Susan R. Marshall,1
Kumares C. Sinha,1
Thomas W. Mastaglio,1
Rainer Heckler,1
A. A. Nilsson,1
H. Richard Howland,1
J. Weinstein,1
R. E. D. Woosley,1
Christopher J. Strang,1
Seymour Perry,1
John J. Bruggeman,1
Gary P. Carlson,1
Arthur V. Peterson,1
Jeff S. Steinman,1
B. T. Higonnet,1
J.O. Henriksen,1
Kenneth McKay,1
Neil B. Marks,1
H. Damerdji,1
Chimyung Kwon,1
Louis G. Stier,1
J.M. Donahue,1
Arup Bose,1
Samir K. Mahajan,1
G.A. Overstreet,1
Francis M. Sand,1
Walter G. Knisel,1
J. Correia,1
Michael F. Morris,1
Richard H. Smith,1
Patricia Wolfe,1
Susan Dahl,1
Thomas Behlau,1
J. F. Sautin,1
Daniel Adelman,1
Jim Ramsey,1
James Swain,1
Henry C. Co,1
J.A. Sepulveda,1
R. Britton Mayo,1
Peter L. Webster,1
Mary Snuggs Loomis,1
Ajay K. Rathi,1
Turkan Kumbaraci Cardenier,1
Jon Yanney,1
Stephen Elliott,1
Raymond Couture,1
Louise Traylor,1
Victor Selman,1
Jeffrey P. Landry,1
Lawrence M. Leemis,1
Robert W. Snelsire,1
Robert Baron,1
Sen-Lang Wang,1
David R. Anderson,1
Lucius J. Riccio,1
Louis G. Birta,1
Steven Bellenot,1
Young C. Kim,1
Lawrence Van Kuran,1
V.G. Duffy,1
Bill H. Easter,1
Dennis Lai,1
Heston R. Hicks,1
Anthony Pan,1
John Huseby,1
S. E. McAulay,1
Veronica A. Czitrom,1
P. R. Katonak,1
Bill Lilegdon,1
Donald Gross,1
Amadeo R. Odoni,1
D. Werner,1
Juan Rivaud,1
Norman I. Badler,1
Zhong-e Xiao,1
N. Sobhi,1
Joan M. Lommel,1
C. W. Collins,1
Susan E. Hoffman,1
Candice Howard Prince,1
Brian E. Esterby,1
Abimbola Salako,1
Albert Greenberg,1
Paul J. Firnett,1
Der-Ann Hsu,1
Udatta S. Palekar,1
R. Kevin Wood,1
C. R. Spooner,1
Koji Nakamura,1
Hubert Lipinski,1
Jacob Rozmaryn,1
Gregory Diehl,1
A. L. Buchanan,1
Gerald T. Mackulack,1
Bruce Schmeisher,1
Martin Maeschke,1
Geza E. Kmetty,1
Donald R. Plane,1
A. Ceranowicz,1
R. E. Buten,1
Philip M. Irey IV,1
Manolis Marazakis,1
Carl A. Mauro,1
C.C. Ying,1
Kerry E. Kirkpatrick,1
Norman R. Nielson,1
Roy P. Pargas,1
R. B. Lyon,1
Aaldert Compagner,1
E. E. Lewis,1
Mary L. Sale,1
Claude Barmett,1
William C. Birdsall,1
S. Y. Nof,1
Daniel K. Hartline,1
C.M. Gempesaw,1
Greg A. Lomow,1
L. Schruben,1
Jun-ichiro Tanaka,1
Adel S. Elmaghraby,1
Marne C. Cario,1
Satya N. Mishra,1
Cheryl S. Scott,1
Michael K. Molloy,1
J.A. Vanegas,1
L.L. Van Veldhuizen,1
J.W. Metsos,1
M.T. Halpern,1
Frank Paccione,1
Janet S. Reust,1
Charles M. Schub,1
M. Jeya Chandra,1
Steven J. Schlesinger,1
L. A. Zadeh,1
James Roger Corliss,1
Manjunath Karnath,1
Felisa J. Vasques-Abad,1
William Tulskie,1
I. Ehrhardt,1
Hassan Rajaei,1
Stephen J. Schon,1
Mary a. Johnson,1
M. Godward,1
C.M. Shub,1
David Ben-Arieh,1
Demet Ceylan,1
Anthony C. Picardi,1
D. Gan,1
Alfred B. Marsh,1
Richard B. Whitner,1
Nichols R. Hurst,1
L. W. Cannon,1
Jay M. Martin,1
K.D. Boomer,1
Michael D. Brooks,1
Mutsumi Fujihara,1
Albert T. Montroy,1
Donald R. Falkenburg,1
Thomas Lam,1
Stephen R. Smith,1
J.D. Tew,1
M. E. Grant,1
James Yan,1
A. Thomasian,1
M. M. Cutler,1
Paul Cohen,1
William B. Campbell,1
Terry Looner,1
Christopher A. Feuchter,1
Keith Brodie,1
M. D. Martin,1
Sarah Jean Hood,1
Bong-Wan Choi,1
Joseph A. Smith,1
Handy A. Taha,1
I. Shahnawaz,1
James G. Sprung,1
Richard J. Harper,1
Charles M. Esterbrook,1
T. R. Puzak,1
Hobih Chen,1
Michel A. Thomet,1
Kristen C. Nordlund,1
Ron Belanger,1
Edward Naylor,1
John Price Rudy,1
Ravi Mukkamala,1
Y. -C. Feng,1
Xiao Zhonge,1
Jean Bezivin,1
Thomas Cook,1
M. Motamed,1
Victor T. Miller,1
Tomohiro Takano,1
Rema Padman,1
Jon B. Weissman,1
Steven R. Dzubow,1
Randall S. Sadowski,1
Julius Chu,1
J. L. Sanders,1
Ronald A. Schlagheck,1
Gerald S. Mueller,1
Julio C. Martinez,1
John S. Dorrenbacher,1
F. Hutton Barron,1
George C. Prueitt,1
Susan H. Antle,1
M.E. Smith,1
Melvyn Cheslow,1
K. Farahmand,1
Jerrold Stach,1
Chris Kuhner,1
Wade H. Shaw,1
Catherine E. Drury,1
Manny Athavale,1
David Z. Ball,1
Mark B. Garman,1
Richard A. Kilgore,1
François Cellier,1
Levsiri Munasinghe,1
Jerry Prock,1
D. R. Drew,1
David B. Russell,1
Scott E. Riffe,1
Thomas Lubaczewski,1
Marnita C. Crenshaw,1
John A. Hixson,1
Aaron H. Konstam,1
Andrew S. Noetzel,1
M.R. Garzia,1
Victor Izokaitis,1
Henry Ramirez,1
Jim Metzger,1
O. J. Meyers,1
Masami Shimizu,1
Victor W. Ruwe,1
R.F. Dell,1
Gilbet R. Gordon,1
Kurt Schmitz,1
Leonidas C. Charalambides,1
R. McHaney,1
Gary I. Davis,1
Richard O. Hoffman,1
Robert H. Schappelle,1
A. Ferscha,1
A. Neil Arnason,1
Y. Yemini,1
Sol. Kaufman,1
Xuzhong Wang,1
J. Michael Binnie,1
R.C. Pasternak,1
Brett A. Peters,1
Clark W. Bullard,1
S.U. Randhawa,1
P.D. Welch,1
M.E. Stephenson,1
Steven Parsley,1
Abraham Sharon,1
Henry C. Lucas Jr.,1
P. E. Schweizer,1
Dieter R. Pelz,1
J.J. Solberg,1
Charles A. Willis,1
I. Santoso,1
M. Villen-Altamirano,1
Donald H. Hammond,1
Peter M. Crane,1
William L. England,1
Alan C. Aho,1
Isis D. Rosello,1
Bruce H. McCormick,1
Jan Laube,1
Emory W. Zimmers,1
T. Hunter,1
Sub Ramakrishnan,1
G. L. Andrews,1
Robert L. Wears,1
F. Tsai,1
David E. Besenfelder,1
Cynthia Morey,1
Miklos Antal Vasarhelyi,1
Gain Wong,1
Jack Keller,1
Kathleen E. Hain,1
J. Hill,1
John P. Chaplick,1
Dileep R. Sule,1
George C. Pankonin,1
Steven L. Huyser,1
Douglas R. Goodman,1
Joseph Roge Amyot,1
K. W. Casey,1
Zhiwei Zhu,1
Jehoshua Eliashberg,1
Kathleen McKeown,1
Eldon D. Olsen,1
Beverly J. Wolfe,1
Mark A. Dame,1
Jack A. Jackson Jr.,1
Ivar Oswalt,1
J. Gerry Purdy,1
D.A. King,1
Alan Smith,1
Cynthia Erickson,1
Randall J. Stevens,1
J. E. Bass,1
Jan M. Mutmansky,1
Chuck Junkunc,1
James T. Low,1
A. Cornelio,1
J. Steven Roberts,1
James D. Durham,1
John D. Salt,1
B.P. Zeilger,1
Robert T. Sargent,1
Joseph Whitesell,1
Philip A. Habib,1
Roger Wiltgen,1
Philip Hicks,1
Yasser Dessouky,1
R. M. Huhn,1
H.T. LeBaron,1
John V. Baumler,1
Hemant Bhuskute,1
Stephen J. White,1
J. N. Cetinich,1
Felisa J. Vazquez-Abad,1
Rudolph G. Regner,1
Jonathan R. Agre,1
D.T. Brunner,1
M. Dewsnup,1
Douglas Schleusner,1
PingSun Leung,1
John W. O'Leary,1
Robert E. Sheridan,1
Thomas Gogg Gogg,1
Christopher A. Landauer,1
Laura Giussani,1
John W. Rettenmayer,1
M. Krishnamurthi,1
U. Vemulapati,1
Mark B. Triplett,1
David M. Cohen,1
Ramesh Rajagopalan,1
Herb T. Freedman,1
S.P. Baird,1
Janet Rider,1
John S. Morris,1
James F. Burdick,1
Keith P. Tognetti,1
James L. Cole,1
Jane L. Shellum,1
V.F. Nicola,1
Rene Proulx,1
Yen-Pin Chiang,1
M. Gerla,1
Edward Lieberman,1
Y. S. Sherif,1
C. Fahy,1
Darrell A. Quick,1
Kurt Maly,1
Thomas Murray Cook,1
Donald E. Emerson,1
Robert F. Dale,1
Kung-Chao Liu,1
Prabhat Deosthali,1
Friedhelm Drepper,1
Anthony Kirtland,1
W. Joseph Cochran,1
Moon Jung Chung,1
M. Wayne Parker,1
Tuncer I. Oren,1
R.R. Bowen,1
Elden L. Deporter,1
D. Carroll,1
Kent S. Butler,1
C. C. Daniel,1
Richard Godziela,1
Andrew T. Holle,1
David Schaefer,1
P. Cheng,1
T. W. Dudley,1
D. Mark Carter,1
P. E. Coffman Jr.,1
R.V. Elicano,1
Frederick K. Frantz,1
Heungsoon Felix Lee,1
Jeffrey Becker,1
Brian M. Waechter,1
G. Kienbaum,1
Richard M. Reese,1
J. Ramos,1
L. T. Fan,1
Peter Drexel,1
D. Robinson,1
William M. Fitch,1
Timothy Hill,1
Bush Jones,1
Charles Neblock,1
C. Drury,1
A. Biswas,1
Chen Zhou,1
R. Bhaskar,1
Cliff W. Hemming,1
O. A. Uyehara,1
Bertram Price,1
Ivan Futo,1
S. Yagil,1
William Ernest Biles,1
P.A. Fishwick,1
Howard L. Morgan,1
Michael Whelan,1
Doris Klein,1
Robert C. Carlson,1
J.F. Brandejs,1
Jeffery Moore,1
Zhao Xu,1
M. W. Chan,1
Marilyn Stelzner,1
Mario R. Garzia,1
George L. Adler,1
John M. Grover,1
W. Leon Goodson,1
S. A. Banawan,1
Eric Manning,1
Sidney Yakowitz,1
Kerim Tumay,1
Jon R. Buyan,1
R. Scheithauer,1
Richard R. LeDesma,1
David A. Burn,1
Marilyn Oppenheim,1
Robert M. Howe,1
Donald P. Gaver Jr.,1
Peter Lewis,1
Michael L. Samuels,1
Edward C. DeLand,1
D. L. Blakley,1
Ronald C. Morris,1
Richard C. Nance,1
William Heath,1
Gerald W. Adkins,1
Juan M. Huerta,1
John Mittenthal,1
Kirstie L. Belman,1
Rajiv Kapur,1
Joseph Demasco,1
Paul K. Davis,1
Larry Peckham,1
H. Satou,1
S.M. Robinson,1
J. Stanford Willie,1
Charles C. Chewning Jr.,1
Gerald S. Schedler,1
J.R. Donnelly,1
Gail G. Wilkerson,1
P. Lorenz,1
William C. Hopkinson,1
R. L. Meyers,1
F. Knop,1
J.C. Hugan,1
S.E. Ramaswamy,1
D.B. Townsend,1
Richard W. Earnshaw,1
Morcos F. Massoud,1
Toshiharu Aoki,1
Ronald L. Webster,1
Ron Bakshi,1
Christopher Landauer,1
Verna Knapp,1
Dallas W. Russell,1
Cindy Cosic,1
David W. Seidel,1
R. Vavra,1
James U. Korein,1
Jayprakash G. Patankar,1
S. L. Messimer,1
Lee A. Barney,1
Christos Alexopoules,1
J. Talavage,1
T. A. Bratz,1
Willard M. Holmes,1
C. Fernandez-Torres,1
Timothy Tardiff,1
H.S. Konynenbelt,1
D. H. Lewis,1
W.J. Davis,1
Howard M. Bloom,1
W. Wayne Siesennop,1
Robert Lasken,1
William H. Duquette,1
Harold Dyck,1
Tracey L. Gellar,1
Geoffrey Churchill,1
John M. Arrigan,1
Rogers Lui,1
Dwight Erdbruegger,1
Kathryn E. Stecke,1
Rodney W. Cyr,1
Davorin Hrovat,1
Timothy J. Greene,1
Lynn P. Madden,1
Jeffrey S. Smith,1
Bertrand Horwitz,1
John T. Pattee,1
Thad J. Janowiak,1
G. E. Bennington,1
P. P. Bonissone,1
Jugal K. Kalita,1
Kowdle Prasad,1
Leon D. Chapman,1
Robert H. Bolling,1
E. H. Stevens,1
Rahul Chattergy,1
Anthony E. Zukas,1
B. P. Kelkhoff,1
N. E. Collins,1
Bradley Bauman,1
C. C. Chu,1
G. Don Taylor Jr.,1
Roger Avant,1
John W. Stroup,1
Zen-ichirou Muro,1
Gary V. Nordlund,1
G.T. Herman,1
Michael Inbar,1
Dale K. Pace,1
Marvin M. Johnson,1
Francois Blouin,1
Mahmoud H. Alrefaei,1
Robert S. Sowell,1
H.S. Lee,1
S.G. Vincent,1
Robert T. Wainwright,1
Donald W. Kosy,1
Dennis V. Brockway,1
Pen-Nan Lee,1
Rayadurgam Srikant,1
Teunis J. Ott,1
Kiran J. Desai,1
D. W. Starks,1
Renee M. Watremez,1
J. C. Wright,1
Brian C. Healy,1
Jie Wang,1
R.H. Reid,1
Ben Venable,1
F. Quintanilla,1
Joe A. Dodson Jr.,1
A.T. Mollegen Jr.,1
C.L. Swider,1
Hamilton Emmons,1
Grace Carter,1
Benjamin Melemed,1
Thomas Cullinane,1
Wayne A. Hall,1
Glenn F. Roberts,1
Y. Tao,1
Charles M. Crocker Jr.,1
Chester A. Harris,1
Jon Vavrus,1
Richard M. Weatherly,1
Jianhua Liu,1
Charles H. Hatfield Jr.,1
D. Grossman,1
Walter M. Price,1
P.H. Koh,1
T.-C. Tsai,1
Kenneth W. Crowley,1
G. A. Marin,1
Edward Williams,1
George A. Bekey,1
S. R. Clark,1
William R. Lesyna,1
C.R. Harrell,1
Richard O. Day,1
Julian A. Swedish,1
E. L. Thomas,1
Robert Kittell,1
Ananth Srinivasan,1
George A. Duncan,1
Paul H. Rosenthal,1
F.Z.R. Albay,1
P.J. Kuzdrall,1
Prakash Rao,1
William D. Stover,1
H.D. Schwetman,1
Richard M. Felder,1
G.W. Dangel,1
Dale I. Rummer,1
Toshiro Namiki,1
Buddy L. Myers,1
Ruey S. Tsay,1
Bernard E. Patrusky,1
Melanie L. Lenard,1
Donna L. Cornwell,1
Michael Fu,1
John B. Moore,1
Melvin J. Hinich,1
Rebecca A. Abbott,1
Thomas J. Gogg,1
William G. Lesso,1
Jack B. Levine,1
Rabah Y. Odeh,1
John Duncan,1
Gordon F. Mead,1
Ty Getz,1
Sanjay Jain,1
M. G. Roth,1
Susumo Morito,1
Alan McK. Shorb,1
Wayne Oates,1
R. A. Haeme,1
Richard Bjorklund,1
Jerry Dillon,1
Stephen R. Kimbleton,1
Bryce Douglas,1
John P. Barrett,1
Steven Feiner,1
Nelson Pacheco,1
Gary C. McDonald,1
John C. Peck,1
Frank Pfaff,1
Robert L. Smith,1
Warren E. Walker,1
Michel Fabre,1
S. Sevinc,1
Juan Carlos Ortiz,1
S. Kumar,1
R. Jones,1
Brian Laird Crissey,1
V. Jha,1
Douglas L. Mikula,1
Taeho Park,1
Paula A. Mutchler,1
O. Yue,1
Harold J. Kushner,1
Thomas Santos,1
Lori J. Wiles,1
L. E. Shirland,1
Richard A. Johnson,1
D.M. Salmon,1
Phil Cohen,1
Janos Sztrik,1
Javad H. Ahmadi,1
Tamilea J. O'Donnell,1
A.S. Bhate-Felsheim,1
Becky Taube,1
Mark S. Kross,1
Brian D. Sellers,1
Shirish S. Joshi,1
S. L. Hardt,1
P.T. Fishburn,1
N. S. Grewal,1
Sayeed Hasan,1
A.G. Beged Dov,1
H.P Schwefel,1
J. H. Pomerene,1
James E. Weatherbee,1
Richard S. Mackenzie,1
Dany Hajjar,1
J. R. Agre,1
Michael Leonard,1
W. Brand Carter,1
G. R. Taylor,1
Eileen M. Manz,1
Richard Hillestad,1
Shusuke Nakayama,1
Daniel M. Harris,1
Roger T. Kathman,1
Elaine J. Weyuker,1
Richard L. Storch,1
Merriel Dewsnup,1
R. E. Sieck,1
V.S. Sunderam,1
Donald J. Bowersox,1
Ravindra Gujar,1
C.H. Reilly,1
Igal Ayal,1
Charles C. Ying,1
R.Y. Huang,1
Alan J. Parker,1
Michael W. Sale,1
M.J. Reilly,1
H. Will,1
Jeffrey A. Peterson,1
Philip Y. Huang,1
Donald H. Turner,1
John H. Richard,1
J. Carson,1
George Tompkins,1
Robert T. Redding,1
C.J. Bellas,1
Joseph K. Canner,1
Allen C. Schuermann,1
D. H. Kaskowitz,1
Bayard E. Wynne,1
Nicholas J. Garber,1
Gerald F. Hein,1
K. Powell,1
Steven F. Shevell,1
Robert M. Lefkowitz,1
Dean J. Saluti,1
Lucien F. Keller Jr.,1
Markus Zolg,1
Michael G. Tashker,1
Anders I. Bertelrud,1
D. Pillai,1
Shahin Rahimifard,1
Jesus Borrego,1
Earl Cowley,1
C. Gregory John,1
Jon C. Strauss,1
Ann M. Harper,1
Marvin S. Cohen,1
Valerio O. Pinci,1
Boris D. Lubachevsky,1
David Pravidlo,1
Jastej S. Dhingra,1
Subramaniam Arasakesari,1
Steven D. Farr,1
Ricki Ingalls,1
Charles Murgiano,1
John Nelson,1
Jeffrey H. Moore,1
Paul D. Peterson,1
Derrell V. Foster,1
Theodore Browne,1
William S. Moore,1
Sanjay Narain,1
Linus Schrage,1
Aseem Chandawarkar,1
Moon K. Kim,1
V.K. Dhir,1
Steven K. Funk,1
John A. Benavides,1
Kenneth H. Evers,1
Anna Hac,1
Marcelo J. Torres,1
Lawrence Stark,1
S. D. Hill,1
Phiroze Nagarvala,1
Robert J. Caltagirone,1
John C. Mason III,1
Al Fermelia,1
David Wood,1
Gordon D. Edgecomb,1
M. Atkinson,1
M. E. Doherty,1
Pandu Tadikamalla,1
Jay Landreth,1
Weixing Zhang,1
A. Nauda,1
Bruce Stuckman,1
James G. Clark,1
A. Opdenbosch,1
Kenneth Bauer,1
Larry Cumeo,1
Stephen Vincent,1
M.A. Flower,1
Cheryl M. O'Donnell,1
Richard A. Levins,1
J. Danko,1
Amardeep Singh Mann,1
R. B. Waina,1
Frederick J. Portier,1
Anita Miller,1
R. Sadowski,1
David S. Nee,1
Ron Huhn,1
Samuel Eilon,1
Sam H. Parry,1
H. L. Bowen Jr.,1
John L. Matticks,1
Alexander K. Schömig,1
Neal S. Campbell,1
John W. Fraser Jr.,1
Mark D. Pardue,1
Jose M. Giron-Sierra,1
Armen Gabrielian,1
Michael W. Golway,1
Christopher C. Funke,1
Joseph R. Murray,1
Reinhart D. Kühne,1
K. Ramamurthy,1
Whey-Ming Tina Song,1
Jared L. Cohon,1
Gay Doreen Serway,1
S. Cem Karacal,1
J. Wang,1
Thomas J. Corcoran,1
A. V. Gafarian,1
Robert L. Wittman Jr.,1
B.J. Schroer,1
Joseph S. Lombardo,1
Andrew F. Daughety,1
William P. Johnson,1
D. Bridgeland,1
Shlomo Globerson,1
R.P. Sadowski,1
Drazen Kostelski,1
Michael T. Mazzaro,1
D.A. Revicki,1
Rowena Añonuevo,1
Miriam E. Pagano,1
Betty J. Bortscheller,1
Paul G. Glasserman,1
R.J. Mayer,1
Ralph J. Kochenburger,1
C. Jain,1
Otto C. Doering III,1
Stephen C. Hora,1
Jay W. Cohen,1
J. Marx Ayres,1
C.J. Kassales,1
Bruce E. Herring,1
Jain J. Wang,1
Roger E. Bokeny,1
Ronald R. Mourant,1
Beverly O'Neal,1
A. Dupuy,1
Stephen F. Lundstrom,1
Leonard Bass,1
Austin Hoggatt,1
Phillip Dickenson,1
H. Joseph Newton,1
John Ryder,1
C.M. Overstreet,1
R.C. Crain,1
G. Gurkan,1
B. P. Schrader,1
Chien-Chou Su,1
Hin Bun Chow,1
Julian M. Scher,1
Benoit Montreuil,1
M. Sadek Eid,1
Pierre L'Esperance,1
M. Eric Johnson,1
Jeffrey J. Guzy,1
Jin Joo Lee,1
Onur M. Ülgen,1
Jagannath T. Gharpure,1
Mitchell G. Spiegel,1
Victor Gulewicz,1
B. Perlic,1
R. C. Field,1
Charles E. Rasbach,1
Jack B. Hodges,1
D. Francis Crane,1
Sergio Ruiz-Mier,1
R. D. Walkley,1
F.J. Vazquez,1
Maged Dessouky,1
Annette L. Wilson,1
J. Siemer,1
David H. Scuse,1
R. Neil Wagoner,1
V.W.C. Yau,1
Blair H. Schlender,1
Jack Hachigian,1
R. M. Ingle,1
Greg C. Marr,1
J. Kent Peacock,1
A. Y. Lewin,1
Robert Bechofer,1
G. Frank Thompson,1
G. Evans,1
Miklos Vasarhelyi,1
M. J. Drevna,1
J. Robert Fidler II,1
Philip Klahr,1
II,1
Joe Fearey,1
Lori Hood,1
Chun-Hung Chen,1
Peter H. Miyares,1
Thomas M. Kisko,1
R. J. Lord,1
J. R. Jump,1
Steven M. Walzcak,1
Halim Damerdiji,1
Robert E. Haymond,1
Carl J. Perry,1
Margaret Hong Chen,1
Matthew A. Johnson,1
L. K. Gaafar,1
Helen M. Wood,1
John W. McCredie,1
Cynthia D. Coberly,1
Joseph B. Major,1
Edwin L. Bidwell,1
Brian Pollins,1
Jerald Maiers,1
Emily C. Placy,1
S. Guarro,1
Samuel T. Chanson,1
P. Le Bourgeois,1
Suresh Sethi,1
Tenny Lam,1
R. Giese,1
Norm Otto,1
Dennis Taillie,1
J.M. Donnelly,1
M. T. Coughlin,1
Gaynor Legge,1
Akash Bahuguna,1
Peter Imbrey,1
S. H. Manning,1
Thomas E. Holland,1
Letitia M. Pohl,1
O. Balci,1
Edward Ignall,1
Bob Derksen,1
J. Reitman,1
Gregory D. Peterson,1
Richard C. Barclay,1
Mark Elder,1
Anthony J. Barbera,1
T. Sarosky,1
O. J. Loewer,1
Norihiko Yanagihara,1
Lawrence J. Watters,1
C. H. Imhoff,1
Fabias Gomes,1
Mohammed M. Shamma,1
Lester W. Jacobs,1
J.S. Dhingra,1
Nazar A. Younis,1
H. Sylvia Porjes,1
Robert R. Hill,1
Joseph J. Deval,1
Ranko Vujosevic,1
Robert E. Mortenson Jr.,1
Glenn R. Drake,1
A.J. Lawrance,1
Ismail M. Zahran,1
Sherman Hunter,1
Edward A. Davis,1
Domenico Ferrari,1
Ira E. Robinson,1
Wen Zhang,1
Alexander Shapiro,1
Charles H. Falkner,1
Robert O. Anderson,1
Stephen A. Levine,1
Wilfred J. Westlake,1
Robert Godfrey,1
James N. Paprocki,1
Ingolf Stahl,1
Susan Soloman,1
Doug Love,1
Lauren C. Bruzzone,1
Kenneth M. Marwiczak,1
L. G. Brown,1
L. Wesley Rearick,1
Kim Patton-Stallman,1
Jianhong Liang,1
Beth A. Boling,1
P. Wade Buckholts,1
Christopher D. Carothers,1
Donato A. D'Esopo,1
Robert S. Feingold,1
Charles Corbett,1
Norman R. Lyons,1
Bruce Caraway,1
Gerald E. Brown,1
Nobuyuki Ueno,1
D. A. Henderson Jr.,1
Marié-Hélène Jobin,1
M. Wayne Shivelery,1
Elizabeth S. Lacher,1
Alan T. Clementson,1
E. E. Kaczka,1
Ronald A. Schwarz,1
Wilhelm H. Bortels,1
Mark H. Hellbusch,1
Ken Bauer,1
Julika Siemer,1
Carol Eckersley,1
R. Regner,1
Allen G. Delaney,1
Jerry Babbin,1
Michael Sherman,1
A. E. Johnson Jr.,1
A.E. Rainis,1
Tag G. Kim,1
Donald W. Sutherlin,1
Michael Gellar,1
Patrick K. Clark,1
Albert Pedrinan,1
Chris Towery,1
Charles J. Kowalski,1
Sanghoon Lee,1
Christine M. Kelly-Sacks,1
Marvin Seppanen,1
Sumit Ghosh,1
A. Hsu,1
Lisa A. Pegden,1
Walter Miklius,1
Norman R. Glass,1
Richard A. Sammis,1
Robert Meyer,1
Ken Turnay,1
Paul J. Kosteva,1
Duane Setterdahl,1
I.E. Mitchell,1
Philip C. Cooley,1
Gregory Seibert,1
Marda Redditt,1
Harry Heckathorn,1
A. Girard,1
Verna E. Knapp,1
R.D. Jones,1
J.S. Smith,1
Richard J. Thompson,1
Dennis G. Fryback,1
P. D. Allen,1
Aurel N. de Hollan,1
J. Q. Hu,1
Kenneth A. Fegley,1
Howard R. Toole,1
Donald J. Miller,1
Richard Fujimoto,1
"Jr.""",1
Chien-Liang Chen,1
Man T. Ung,1
Ken Barker,1
Keith W. Ross,1
Victor J. K. Hsin,1
A. Hochhauser,1
T. A. Rourke,1
Mary L. Bailey,1
Peter S. Maybeck,1
R.W. Franceschini,1
Charles G. Carpenter,1
Donald A. Heckerman,1
J.E Hatch,1
C.D. Pegden,1
R.F. Garcia,1
William M. Marcy,1
Val Silby,1
Harvey Golden,1
Constance K. McElwain,1
Stephen R. Parker,1
Kiyohisa Mizoguchi,1
John D. Waddell,1
J. W. Knight,1
Joseph Procter,1
Warren H. Winter,1
James W. Hooper,1
Nancy Marland,1
Robert M. Shapiro,1
D. Drew,1
Lois M. L. Delcambre,1
Sekhar Vankatraman,1
A. Levas,1
Mariko Yamamoto,1
David Martin,1
Kurt M. Neuman,1
Donald M. Wyckoff,1
R.V. Rogers,1
Gerald Vasend,1
Fe Zinnia Albay,1
Salvatore Stolfo,1
W. Allen Spivey,1
James M. Calvin,1
Barry Jackson,1
Robert B. Krieger,1
D.G. Harder,1
J. Seydel,1
Willi Bernhard,1
P. Hoefer,1
M.A. Youngren,1
M.F. Forward,1
Vijay Madisetti,1
Richard R. Reed,1
Richard L. Nolan,1
Oscar S. Fowler,1
William T. McClelland Jr.,1
Sophia Scoggins,1
Witold Jacak,1
Dennis S. Mok,1
John P. Roberts,1
D. Hopkins,1
Ralph V. Wood,1
Geoffrey Cordon,1
Carl H. Imhoff,1
Giovanni Chiola,1
Roger I. Hall,1
Donald G. McGregor,1
Steve R. White,1
Dulcy M. Abraham,1
W.E. Biles,1
Moussa I. Mousa Mostafa,1
John Mark Duva,1
G. Feldmann,1
Paul E. Nielsen,1
Wayne M. Loucks,1
C. J. Shepherd,1
Katherine Murphy,1
R.I. Carr,1
Eugene Kaczka,1
A. Acampora,1
Ray W. Schooley,1
Harold M. Heggestad,1
Madhavi Lingineni,1
Arild Olsen,1
John H. Reynolds,1
Bjorn Conrad,1
Armand b. Cognetta,1
H. B. Horton,1
L.L. Armacost,1
Ernest L. Kohler,1
Harold A. Kurstedt Jr.,1
A.S. Kashyap,1
Ronald R. Willis,1
M. Bailey,1
F. Boehm,1
Harley M. Courtney,1
Guy C. Corynen,1
D.L. Lester,1
Norbert Hauser,1
Joseph J. Molitoris,1
Edward M. Morgan,1
R.G. Harvey,1
Burton Smith,1
Randall Hammer,1
James V. Juckler,1
Jakov Crnkovic,1
Marco Chierotti,1
William T. Begenyi,1
Bob Diamond,1
William A. Gates,1
B. D. Williams,1
Joe K. Clema,1
S. Takakuwa,1
Gerda Woxen,1
Leland Blank,1
Fredrick K. Goodman,1
M. L. Frankel,1
Christopher F. Weight,1
Robert E. Sheridan Jr.,1
M. Sovereign,1
Larry D. Wittle,1
Pedro A. Nassau,1
Anthony V. Sebald,1
John T. Larkin,1
Mark A. McKnew,1
David C. Nowading,1
K. S. Shanmugan,1
Irma Adelman,1
Fernando J. Barros,1
T. A. Aldowaisan,1
Joseph S. Nadan,1
E. Leonard Arnoff,1
Sunder Kekre,1
Sethuraman Raghunath,1
Thomas E. Sadlowski,1
C.R. Standridge,1
Pierre Lefrançois,1
Joseph C. Mello,1
James R. Buck,1
Michael V. Vasilik,1
Benjamin Mittman,1
P. Kelch,1
David W. Graff,1
R. E. Taylor,1
Joe Provenzano,1
Michael G. Kay,1
John W. McCredle,1
S.T. Ferguson,1
Kendra E. Moore,1
Paul Wyman,1
Richard K. Paetzold,1
Robert C. Bushnell,1
Robert H. Giles Jr.,1
Wai Mun Syn,1
D. A. D'Esopa,1
Sol Kaufman,1
Ahmed L. Mezaache,1
David K. Peterson,1
J. Mark Long,1
Jerry C. Yan,1
Emanuel Parzen,1
Trent E. Lange,1
D. S. Kochar,1
David W. Yesair,1
J.W. Wong,1
Hans-Paul Schwefel,1
Camille Speisman,1
K. Peng,1
Charles Dale,1
James R. Siebauer,1
John D. Sumner,1
Sununtar Setboonsarng,1
K. E. Wunderlich,1
Phil Francis,1
Donald B. Hopings,1
J.J. Leavy,1
Alberto J. Santiago,1
W. A. Johnson,1
F. Bradley Armstrong IV,1
J. A. Svestka,1
William C. Thompson,1
William Alexander,1
Cynthia A. Funka-Lea,1
Doree Seligmann,1
Urban A. Brunner,1
J. Raymond Fletcher,1
Joseph B. Seif,1
Steven H. Azzaro,1
Edmund B. Pyle III,1
Sally J. Hill,1
Y. A. Hosni,1
Vernon H. Hamilton,1
Robert V. Fultyn,1
Ed Andert,1
Ronald G. Pettit,1
Roy Wnek,1
David Rucker,1
J. David Liljegren,1
Thomas D. Moser,1
Paul J. Swanson Jr.,1
Marsha J. Boggs,1
Stuart Dean,1
Ruth Davies,1
E. McKenzie,1
Victor M. Tamashunas,1
Robert C. Pickett,1
Charles Fuller,1
Thomas L. Hannan,1
James E. Wilkinson,1
M. Kim,1
Mei Deng,1
A.S. Walters,1
D. Suggs,1
Jerome A. Doutriaux,1
Stanislaw Raczynski,1
Joakim Kalvenes,1
Kevin Healy,1
V. P. Sobczynski,1
G. F. Koons,1
Michael D. McKay,1
Alan Goldberg,1
J.P Tjelle,1
Elden Deporter,1
Suzanne E. Lammers,1
C. Madu,1
Linda Jankauskas,1
H.A. DiGiulio,1
Yoshiyuki Nakagawa,1
L. B. Golovin,1
Amar Batra,1
Thomas L. Honeycutt,1
Ajit S. Bhatia,1
F.T. Sparrow,1
Robert H. Storer,1
Terence E. Wilson,1
John Neidlinger,1
Prakash Rad,1
Lani N. Waller,1
G. Dobbins,1
Paula Sweeney,1
Robert Gatland,1
Thomas Moranian,1
J. Villen-Altamirano,1
Robert H. Holland,1
Thomas W. Connolly,1
J.C. Spall,1
Irwin Greenburg,1
Francois E. Cellier,1
H. Chen,1
Michael A. Pagels,1
James C. Stanley,1
M.W. Collins,1
Everett S. Joline,1
John W. Fowler,1
Marcel F. Neuts,1
David B. Beasley,1
Usha Chandrasekaran,1
P. S. Myers,1
W. A. Hall,1
Sam Parry,1
Marc Turmel,1
Andrew J. Siprelle,1
Michael Sale,1
E. J. Williams,1
Ron Janz,1
D. W. H. Cheng,1
R. B. Curry,1
Yi Zhang,1
Michael L. Morrison,1
Chandrashekar Krishnaswamy,1
Paul R. Work,1
Charles Lusky,1
Joseph M. Fegan,1
A. M. Wildberger,1
J.C. Schaaf,1
Russell M. Tahmoush,1
Robert G. McIntyre,1
Kathy L. McCommon,1
Jason Hsu,1
William F. Hoyt,1
Padman Nagenthiram,1
Jorge Luis Romeu,1
T.S. Webb,1
R.A. Wysk,1
Demet C. Wood,1
J. Cong,1
D.C. Wood,1
M. Bullington,1
James O. Dyal,1
Phil Heidelberger,1
Anne Gardel,1
Eric L. Savage,1
A.M. Economos,1
David Vaughan,1
J. A. Planchard,1
Glen D. Smith,1
Theodore L. Willke,1
Donald Greenspan,1
Claude C. Barnett,1
Wilbert E. Wilhelm,1
M. Mathur,1
Daniel R. Murphy,1
Ellen Roland,1
J. O. Miller,1
O. George Kennedy,1
Greg Lornow,1
Manak C. Gupta,1
Jun-ji Lee,1
S. Smith,1
Lissa F. Pollacia,1
Saul B. Gelfand,1
Richard A. Volz,1
John P. Seagle,1
R. N. Rechtschaffen,1
M. Pidd,1
V. Ceric,1
Richard Irvin Baldock,1
Richard A. Glassco,1
Robert Elliot,1
Bruce L. Kleine,1
Thomas M. Cook,1
Peter Parkinson,1
E.I. Yucesan,1
Udayan Nandkeolyar,1
Isadore L. Goldhirsh,1
Perwes Shahabuddin,1
Michael A. Zeimer,1
J. R. Nuckols,1
B. A. Wilson,1
Christopher C. Skiscim,1
R. Petrakian,1
D.H. Withers,1
Osamu Mori,1
David J. Louscher,1
Daniel C. Chin,1
Pankaj Kedia,1
W. Chou,1
R. Stafford,1
William R. Lilegdon II,1
R.G. Maher,1
Kenneth E. Willis,1
Amy E. B. Amamoto,1
J.R. Wilson,1
J. Corman,1
Jason Chiahsin Yu,1
Robert T. Burger,1
Robert E. Bechhofer,1
Edward T. Watanabe,1
R.A. More,1
Arthur S. Priver,1
J. B. Meadows,1
Athanassion N. Avramidis,1
Subhas Roy,1
B. Collie,1
Robert G. Voss,1
John S. Ivey Jr.,1
George E. Juras,1
Arthur D. Chrapkowski,1
Kenneth L. Stanwood,1
G. G. Hegde,1
John M. Lewis,1
C.D. Visnic,1
William A. Bailey,1
R. D. Riggin,1
Dean Plager,1
W.F. Hamilton,1
Richard Stafford,1
Kuang-Chau Yeh,1
W. H. Remy,1
T. Moeller,1
Ralf W. Seifert,1
S.K. Khator,1
Sathyakumar Selvarai,1
Raja G. Petrakian,1
Jerome D. Sabuda,1
Thomas R. Willemain,1
T. S. Logsdon,1
J. H. Blackstone Jr.,1
Robert S. Sullivan,1
Munetaka Sakamoto,1
Raymond E. Gallagher,1
Charles A. Smith,1
N. J. Earle,1
Gearoid M. Lane,1
Brian Malloy,1
Robert B. Turnage,1
Murl Wayne Parker,1
David Haumann,1
John L. Mauer,1
Andrew Gilman,1
John C. Rea,1
Claude Boucher,1
Bennett Fox,1
Bruce H. Boguslav,1
R. S. Skertchly,1
R. Ramanathan,1
Robert D. Foley,1
M. N. Bartakke,1
Jon I. Fellers,1
M.C. Fu,1
T. H. Myer,1
Charles Fitzwater,1
Susan Heimrath,1
Bruce Pollack-Johnson,1
Mark Fox,1
J. C. Thomas,1
N. D. Huebner,1
Stephen T. Newman,1
R. G. Hazlett,1
R. C. Wilson,1
Marc W. Cygnus,1
M. Dorko,1
John J. Marsh III,1
K. L. Slepicka,1
William J. Maddocks,1
James R. Mekemson,1
Pawel Radzikowski,1
K.M. Taaffe,1
Gerhard J. Hanneman,1
T.F. Schuppe,1
Jeffrey E. Payne,1
Philip H. Young,1
L. Keller,1
D. L. Chesser,1
Leonid V. Belyaev,1
David L. Spooner,1
Joe A. Smith,1
J.T. Douglass,1
R. Kathman,1
Ryuichi Kitamura,1
James E. Bernard,1
Eugene Bollenbach,1
S. E. Naron,1
Don Warner,1
Christian Okoye,1
G. C. Runger,1
D. Calhoun,1
R. P. Sadowski,1
F.R. Hand,1
David E. Strack,1
Ed McKensie,1
Richard L. Gimarc,1
Ann Dunkin,1
David P. Shube,1
Patrick Inouye,1
William DiDecca,1
Kenneth V. Buxton,1
E.I. Chen,1
Kenneth J. Bodzioch,1
Stanton G. Cort,1
Mark D. Scott,1
A. H. Brown,1
T.D. Clark Jr.,1
Timothy D. Simpson,1
M. M. Patel,1
Steven F. Arnold,1
Abbas Asadi-Arbabi,1
Cindy Schiess,1
Eric A. Zahn,1
Mike Chiusolo,1
S. Hurtubise,1
Barbara S. Haskins,1
Mark Falash,1
R. L. Fehr,1
G. Nadoli,1
Donald F. Deutsch,1
Charles S. ReVelle,1
Norene Collins,1
E. Dagher,1
I. H. Shahnawaz,1
M.M. Hazra,1
Steven C. Sprecher,1
Robert J. Newett,1
P.J. Moore,1
H.C. Hg,1
Jane Harmon,1
Gustave J. Rath,1
Linda K. Anderson,1
Kennetl B. Young,1
Andrzej W. Kisiel,1
J. E. Camp,1
Peter L. Asprey,1
Leo A. Joseph,1
Alan D. Wilcox,1
J. J. Schengili,1
Cheryl A. Ammann,1
Bruce L. Golden,1
Nina DeCario,1
Susan L. Solomon,1
Bryant K. Kershaw,1
Yuehwern Yih,1
D. Allison,1
Peter R. Newsted,1
Steven Hershey,1
Richard L. Patterson,1
David Briskman,1
William J. Tracz,1
Carolyn Hughes,1
Charles Harrell,1
Barbara Werner Mazziotti,1
Nader Afshar,1
F. D. Kennedy,1
Edward A. Siecienski,1
Leonard R. Johnson,1
L.W. Schruben,1
John B. Selhorst,1
Richard P. Smith,1
Fathi Sokkar,1
M. H. MacDougall,1
Paul Pappas,1
Chelsea C. White III,1
DongHui Li,1
E. Olusegun George,1
G. Smerage,1
J. Williams Schmidt,1
William W. Agresti,1
Sathin Mahesh,1
Adolf D. May,1
H. A. Bennett,1
Michael K. Taylor,1
Tzyh-Jong Wang,1
Knud Erik Wichmann,1
Ray Combs,1
William H. Moll,1
Randall B. Howard,1
Paul W. Reimus,1
Roger H. Larson,1
Gene J. Schroeder,1
S. S. Liu,1
E.P. Visco,1
A.M. Odeh,1
C.D. Carmichael,1
Ronald J. Degen,1
Henry G. Dove,1
Robert W. Brobst,1
Baruch Halachmi,1
Sheldon Lou,1
Cita Furlani,1
E. W. Walpole,1
James Armstrong,1
Samuel Graves,1
Avril Law,1
Pen-Chung Yew,1
Patricia Anne Owen,1
S. Parisay,1
Thomas E. Booth,1
J.M. Jenkins,1
Jerrold Rubin,1
Barbara H. Roberts,1
Sherry Mertens,1
Carlos B. Ramirez Cerda,1
M. D. Wiley,1
X. Xie,1
Erick B. Edwards,1
J. L. Huttinger,1
N. Wilson,1
F.M. Bustamante,1
Allen S. Kennedy,1
Srinagesh Gavirneni,1
Dah-Chuan Gong,1
Roger C. Stuebing,1
H. Tsunoda,1
G. L. Blankenship,1
Richard C. Morey,1
Michael J. Drevna,1
Paul A. Savory,1
E. R. Peterson,1
James A. Winter,1
Myron D. Paine,1
Albert G. Greenberg,1
Alvin F. Andrus,1
Trevor N. Mudge,1
John E. Foster,1
Nolan N. Turner Jr.,1
Miriam Heller,1
Phillip Heidelberger,1
H.A. Scott,1
Paul Luker,1
Jack E. Shemer,1
Rebecca D. Goodman,1
Avetik P. Matevosian,1
Thomas M. Tirpak,1
Michael C. Cheselka,1
Jacob Belkin,1
Kishor Trivedi,1
A. Douglas Bender,1
Michael J. Magazine,1
Sanjay Saxena,1
Kow C. Chang,1
Richard C. Larson,1
A.H. Levis,1
T.G. Kim,1
Lydia P. Dubon,1
Richard W. Eglese,1
David Messerschmitt,1
John A. White,1
Ramon Rodriguez,1
Keith W. Miller,1
L. Y. Tsui,1
Robert W. Atherton,1
Thomas G. Delutis,1
P.J. Burns,1
Julie N. Ehrlich,1
Eugene Telep,1
Sandra Turner Gantt,1
James F. Novotnak,1
Ahmed Zaki,1
Rosalee J. Gordon,1
Philip D. Drew,1
Laura C. Giussani,1
Ali Gunal,1
Peter Stanek,1
Todd Tillinghast,1
G. R. Silkensen,1
William B. Carter,1
R. Mills,1
Deborah J. Medeiros,1
Thanvat Junchaya,1
Barry Weintrob,1
Larry Zebel,1
O. Tanir,1
Eric C. Carlson,1
L.L. Jayaraman,1
David L. Rados,1
Lyman C. Dennis II,1
Allan M. Bloom,1
J. Duff,1
P. A. Jacobs,1
Gérald Gamache,1
A. Lekkos,1
Peter K. Leong,1
Karon Barber,1
Jair M. Babad,1
John S. Sadowsky,1
Kazuyuki Mitome,1
Ginner Weatherby,1
Z. Li,1
P.M. Dickens,1
James A. Fitzsimmons,1
Charles Macal,1
Robert F. Bachert,1
Hiroshi Awane,1
Joseph C. Brill,1
Charles E. Donaghey,1
Alex F. Sisti,1
Samir Chakraborty,1
Cliff B. King,1
Tarun Gupta,1
Leon B. Ellwein,1
J. F. Grant,1
Bor-Chung Cheng,1
Matt Ricketts,1
J. Frederick Klingener,1
Donald J. Hempel,1
Youyi Mao,1
Carey Williamson,1
Kirk MacKenzie,1
H. Pat Artis,1
Robert F. Zant,1
Hawker Siddeley,1
Dan Gauthier,1
M. Luise McAllister,1
A.C. Palaniswamy,1
D.P. Gaver,1
David O. Rich,1
George E. Meyer,1
David Kelton,1
Tuncer Oren,1
G. L. Baskerville,1
David Roggendorff,1
Jeffrey L. Posdamer,1
Shanti Gupta,1
C. Alexpoulos,1
Gary J. Wright,1
E.H. Page,1
N. J. Henderson,1
Manjunath Kamath,1
Charles S. Saxon,1
J. Schwartz,1
William A. Farrand,1
John D. Reid,1
Magdi M. Kabil,1
Roland Priemer,1
L.L. Rose,1
Harold L. Pastrick,1
Ronald J. Ebert,1
Usha Chandra,1
Frank J. Babel,1
Anthony M. Fiore,1
Chi-Ming Chang,1
L. H. Bieman,1
Brian L. Slobodow,1
J. W. Simonds,1
C. C. Travis,1
Ravinder Nanda,1
James W. Balsiger,1
Edward B. Lieberman,1
F. Hayashi,1
Rosemary Wild,1
Harvey H. Millar,1
W.B. Lee,1
M. D. Mesarovic,1
Charles L. Crabtree,1
Hon-Shiang Lau,1
James T. Lin,1
Peter Aiken,1
David T. Marlow,1
Camille Rivera,1
Christine M. Watson,1
Gary Farrar,1
Maria C. Pate,1
Lei Lei,1
Frank J. Cesario,1
K. J. Cohen,1
Andrew P. Sage,1
Paul T. Fishburn,1
A.Y. Ozge,1
Charles Defelice,1
A.W. Chan,1
Joseph L. Balintfy,1
Robert F. Seeman,1
Carol S. Russell,1
D. L. Tweedy,1
P. Heidelberger,1
Muhammed Naqi,1
Der-Fa R. Chen,1
Y. Oh,1
David O. Wood,1
Douglass Seely,1
L. J. Rolston,1
Frances M. Delaney,1
James E. Bruno,1
Meredith Scovill,1
Frederick C. Weston Jr.,1
Philip E. Robinson,1
Siddarth Behera,1
Mandy Hassanpour,1
Cynthia L. Morey,1
Chien-Chung Shen,1
Charles I. Bartfield,1
David H. Evans,1
M.L. Wilkins,1
Meredith Flinn,1
P.W. Glynn,1
Mark Greenberg,1
K. L. Musser,1
R. C. H. Cheng,1
Alvin M. Silver,1
P. K. Coats,1
Yasar A. Ozcan,1
Leonard H. Weiner,1
Robert M. Haralick,1
Terry R. Harms,1
Bor-Ruey Fu,1
R. J. Kavanagh,1
J. F. Faccenda,1
Carolyn K. Davis,1
H.D. Sherali,1
Zalman A. Shavell,1
M. Mollaghasemi,1
Isabelle Demeure,1
Gary E. Sundquist,1
Hisanobu Mizukawa,1
M.P. Bailey,1
R. W. Hill,1
Norman Hampton,1
Kim Ong,1
S.H. Cohn,1
P. Slaten,1
Jim Bycura,1
E. Emory Enscore Jr.,1
Pierre Lefrancois,1
Jason S. Glazier,1
Steven Geyer,1
Charles A. Van Meter,1
Ross D. Hitti,1
Ch. Grandjean,1
M.A. Contesti,1
Mitchel F. Bloom,1
D. L. Kimbler,1
Clement Luk,1
W. B. Pearce,1
Ronald Dale Jones,1
Neal G. Pierce,1
Dan Cohen,1
Thomas M. Swip Jr.,1
Gerard C. Blais,1
Vidya S. Taneja,1
David K. Laval,1
Thomas P. Vayda,1
Geoffrey F. Walker,1
William F. Waite,1
Alex C. Jolly,1
Haig Bohigian,1
Richard A. Helfman,1
R. J. Paul,1
Lynne D. Green,1
Stephanie Cammarata,1
James W. Forgie,1
Houmin Yan,1
Vincent James Cogliano,1
B. L. Heemsbergen,1
Margaret D. Allen,1
Peter Valentine,1
M. W. Parker,1
Miao-Hui Joanne Yeh,1
N. Ikeuchi,1
Catherine K. Halbrendt,1
James G. Stevens,1
D. Crane,1
Edwin L. Heard,1
Ali s. Kiran,1
Srinivasan Ramaswamy,1
Paul D. Flanagan,1
David W. Sullivan,1
Steve Franks,1
D. S. Kochhar,1
C. Roger Glassey,1
M. C. Court,1
Robert Bohrer,1
Donald William Boyd,1
Milton L. Smith,1
E.F. Watson,1
L. Ray Johnson,1
P. Fishwick,1
Austin C. Hoggatt,1
Shyam Sunder,1
B. Khoshnevis,1
Mark J. Durst,1
Marnie R. Salisbury,1
Y. B. Kim,1
Thomas Clark,1
Mark A. Christobek,1
Sathyakumar Selvaraj,1
John M. Hemphill,1
H. Henry,1
Matthew Rosenshine,1
J. T. Black,1
James W. Neiers,1
Jya-Jang Tsai,1
James E. Schroeder,1
C.B. Winn,1
Ronald G. Hughes,1
Jeffery Lee Turek,1
Jack M. Kloeber Jr.,1
Torkey I. Sultan,1
Steven J. Naber,1
A. Wayne Wymore,1
S.H. Parry,1
Edward J. Rising,1
Cheng-Jye Luh,1
Philip M. Bodzik,1
Henry R. Grooms,1
B. Marriott,1
A.B. Whinston,1
Erann Gat,1
Jack Chung-yu Ho,1
David Leon Shipman,1
G. L. Sprague,1
R. S Sowell,1
David Peasner,1
L. A. Goodman,1
H. Robert Downs,1
Joseph Talavage,1
Bradley Gaspard,1
Jocelyn R. Drolet,1
C. S. Bauer,1
Donald L. Gochenour Jr,1
James R. Spiegel,1
Marie-Claude Roy,1
Andrew Berczi,1
John A. Hamilton Jr.,1
Maria E. Fuenmayor,1
R.S. Wittman,1
Paul F. Koch,1
Y. Dessouky,1
Edward L. Fisher,1
Ian J. Adams,1
Scott K. Brewer,1
Joe Clema,1
M. Williams,1
Averill Law,1
Michael Rüger,1
Donna D. Gregorio,1
H. Herper,1
Thomas K. Ryan,1
Shou X. Zhang,1
Emilie Saulnier,1
Gerald R. Graves,1
Charles Standridge,1
Rasaratnam Logendran,1
Marco C. Bettoni,1
M. A. Sabbah,1
Norman S. Matloff,1
Chuda B. Basnet,1
R.E. Brown,1
James C. Spall,1
Paul S. Frame,1
Gene C. Dankbar,1
Ronald E. Mills,1
Carol Lewis Weeks,1
F. N. de Silva,1
Duane Ball,1
H. Tamer Ozmen,1
Fabian Gomes,1
K. Manur,1
C. Manivannan,1
W. Wilson,1
Lisa Marie Dullum,1
Linda Stamp,1
S. F. Moore,1
P. Dulchinos,1
Wilhelm F. Bürger,1
Irwin Kabak,1
James F. Dunnigan,1
David Van Zoest,1
J.C. Ford,1
Philip H. DeCabooter,1
Sarah A. Shoaf,1
N. D. Hutson,1
Cynthia J. Kasales,1
Zbigniew Banaszak,1
Andrzej Rucinski,1
Ram Vaswani,1
J. S. Carson,1
Kenneth H. Cooper,1
Donald Hammond,1
Julius Surkis,1
John C. Loose,1
Pramod Jain,1
Harry Felder,1
Gregory A. Wong,1
K.H. Kempthorne,1
Maurice B. McEvoy,1
Douglas J. Payne,1
William F. Hamilton,1
Paul E. Torgersen,1
Samuel D. Parsons,1
Mohamed I. El-Kashab,1
Douglas G. King,1
Wynn A. Abranovic,1
Richard D. Cuthbert,1
Bryand A. Bremner,1
Lawrence E. Moberly,1
Roland E. A. Schelasin,1
Roger L. Tyler,1
M.L. Weigel,1
J. A. Garcia,1
Süleyman Sevinc,1
Paul DeLorme,1
Robert W. Blanning,1
C. E. Montagnon,1
Leo J. Boelhouwer,1
D. Okrent,1
Richard William Barker,1
Kieran Concannon,1
A. Joe Turner,1
Neil Glenney,1
Kwang Shin,1
J. A. Gracia,1
Fred Wits,1
David M. Shao,1
William C. Cave,1
F. J. Brewerton,1
Peter Kolesar,1
Maureen T. Rosenwinkel,1
J. Shen,1
Brian W. Hollocks,1
Malvin H. Kalos,1
Hank Grant,1
Syed Wali Haider,1
Ankur R. Hajare,1
Leonidas C. Kioussis,1
Stephen K. Park,1
Kiyoshi Yamada,1
Rajendra S. Solanki,1
Thomas Ward,1
J. P. Bowden,1
Eugene E. Fellows,1
Nancy Blom,1
Kyung S. Ham,1
S. Young,1
Louis Moore III,1
Klaus-Peter Adlassnig,1
Emil Wirsz,1
JingXiang He,1
D.L. Setterdahl,1
Mike Spann,1
Liang Chen,1
David A. Diener,1
J. N. Beauchamp,1
H. M. Keener,1
Moon Ryul Jung,1
Barbara Mazziotti,1
V. Daniel R. Guide Jr.,1
Dean B. Foussianes,1
R. L. Aveyard,1
Ernst Stadlober,1
B.G. Kim,1
Richard W. Moss,1
Barbara Andrews,1
F.L. Thompson,1
Brenda McCabe,1
David J. Parsons,1
Pasquale Grossi,1
M.C. Cheselka,1
Joseph C. Bryant,1
Josephine van der Hoeven,1
Lowell S. Schneider,1
Randall L. Schultz,1
R.J. Ceci,1
Adam Shwartz,1
Subrata Banerjee,1
J. Charnes,1
Fred Cummins,1
Antonie T. Vandenberge,1
Frank Armour,1
D. M. Hetrick,1
Bruce D. Link,1
Joyce Kepner,1
Behrokh Khoshnevis,1
Daniel E. O'Leary,1
J. A. Clarke,1
D. M. Fellows,1
Li Dianmo,1
Lee S. Dewald,1
Jian Wang,1
Floriane Blusseau,1
Charles S. Ondash,1
David P. Koch,1
Christopher D. Bein,1
Shimon Y. Nof,1
Mark C. Rohrbough,1
Robert W. Brennan,1
L.J. Boelhouwer,1
O. Ghattas,1
G. Maggioli,1
Guillermo Ponce-Campos,1
B.A. Cota,1
Gholamreza Torkzadeh,1
James H. Henry,1
Mohan Tanniru,1
David M. Grant,1
R. H. Mehl,1
Rodney E. Schultz,1
P. J. Nolan,1
Patricia Friel,1
Boleslaw K. Szymanski,1
Judith B. Currier,1
P. Bruce Berra,1
Steven Duket,1
Donald H. Newton,1
Elizabeth C. Stanley,1
A. F. Malmberg,1
Frank L. Adelman,1
J. C. Browne,1
J.L. Baer,1
S. Cheung,1
Nizar Al-Holou,1
J. J. Kindon,1
David Blanck,1
S.D. Roberts,1
Steven M. Swope,1
A. Lewandowski,1
Laurie Meier,1
John I. Fellers,1
Prashant K. Khambekar,1
Bipin Kochar,1
Larry D. Cork,1
W. Manning,1
Mary Ann Flanigan Wagner,1
Daniel R. Perley,1
Philip G. Enns,1
John R. Metzner,1
Robert M. Gravitz,1
F. Gail Gray,1
Ronald M. Korabik,1
Ronald J. Ireland,1
Harry Jones,1
Frank Crow,1
J.R. Bacon,1
K. K. Rebibo,1
W. K. Grassmann,1
Kenneth Simon,1
Rakesh C. Mehta,1
J.A. Bubenko Jr.,1
Natarajan Padmanaban,1
Jeff McAffer,1
Y. Feng,1
Douglas E. Van Hoeling,1
Ali Touran,1
Philip A. Houle,1
J. A. Buzacott,1
S. Narasimhan,1
Jeff Rothenburg,1
Kristen Nygaard,1
H.C. Park,1
A.M. Grigoriadis,1
Guy L. Curry,1
Jerry Selman,1
Christa Kopf,1
Dan Cristian Marinescu,1
Nantawan Kwanjai,1
Suresh K. Khator,1
Gary Harless,1
Daniel Leblanc,1
R.V. Baser,1
Steven Evans,1
Michael J. Gilman,1
John T. Douglass,1
Arnold Reisman,1
P. H. Cohen,1
Kenneth C. Konwin,1
Andrew P. Fenic,1
J. S. Carson II,1
Wei-ning Yang,1
Cheryl M. Daniels,1
Matthias Busch,1
R. F. Tenga,1
S. Butler,1
M.J. Kelly,1
Robert J. Smillie,1
D. J. Alliston,1
J.L.K Goh,1
Hal Miller,1
Alfred L. Ochs,1
W. R. Frants,1
John F. Biegel,1
Stowe Boyd,1
Max W. Hitchens,1
Shamsul Alam Akhand,1
James Henriksen,1
R. Balachandra,1
C. L. Hwang,1
Michael Grant,1
Peter C. Doerschuk,1
Dean C. Barrick,1
Kenneth R. Kaiser,1
S. Walker,1
G. S. Gill,1
Scott Sumner,1
Emily Roth,1
B.Z. Duhl,1
W.B. Thompson,1
M. C. Fu,1
J. Short,1
Victoria F. Nicola,1
J. Milsum,1
Javad Golkar,1
David G. Noller,1
Thomas A. Atherton,1
David P. Himmel,1
B. Linn Soule,1
William A. Smith,1
William F. Eicker,1
Daniel T. Wick,1
M.R. Lauer,1
Kathleen Spangler,1
Michael L. Carpenter,1
K. A. Dassel,1
Tiao J. Chang,1
Thorsten Daum,1
Joseph J. Centofanti,1
Todd A. Barnes,1
Karen Poisker,1
Warren L.G. Koontz,1
Keh-Lon Lee,1
James Kho,1
Richard V. Houska,1
Alfonso A. Diaz,1
J.L. Johnson,1
Stewart V. Nelson,1
Sam McLafferty,1
Craig McLanahan,1
S. Andradottir,1
Paul Desruelle,1
David L. Eldredge,1
Sridhar Bashyam,1
N.G. Pierce,1
John Dockery,1
R.C. Van Wagenen,1
N. Chandresekharan,1
Philip L. Katz,1
Mingjian Yuan,1
John S. Rogers,1
Dianne Derleth,1
N. Basöz,1
Michael Kass,1
Chan F. Lam,1
Donald Segal,1
Sheri L. Schreibman,1
Oren Dalton,1
Arthur F. Krummenoehl,1
R. Ronngren,1
L.F. Keller,1
Thomas M. Keenan,1
M.A. Centeno,1
K. A. Strobele,1
Nandu N. Thondavadi,1
Ajay Rathi,1
R. C. Heterick,1
B. Jamaldin,1
Robert P. Davis,1
T. Komatsu,1
Luis C. Rodriguez,1
John B. Hooper,1
S. L. Jaynes,1
K. D. Tocher,1
Robert G. Phelan Jr.,1
Mark Fleischer,1
Graham MacMillan,1
Philip R. Cohen,1
Javeed Shaik,1
Joseph Hugan,1
Robert J. Graham,1
R. Bernard,1
Eric P. Hedlund,1
Joseph Ben-Or,1
Turan Gonen,1
W. C. Grindley,1
Mark Pawlik,1
G. Allen,1
A. K. Kharwat,1
Edward R. Kungla,1
Perry A. Appino,1
W. K. Grassman,1
Timothy R. Hill,1
R.M. Weatherly,1
K.A. Pflughoeft,1
Charles E. Ebeling,1
Akif Asil Bulgak,1
Stephanie A. Jamison,1
Barry M. Horowitz,1
Claude Pegden,1
Louis Y. Tsui,1
Robert D. Moore,1
H. Gebhardt,1
James H. Macomber,1
Noriyuki Ikeuchi,1
Paul I. Feder,1
Dan Fox,1
Celal Kaplan,1
Michael Rothkopf,1
Thomas D. Taylor,1
Alan R. Beckenstein,1
R. Schultz,1
Frederick P. Wieland,1
Edward M. Salley,1
G. Don Taylor,1
Holger Franck,1
Robert Willis,1
Kevin Brandt,1
George M. Turner,1
P. T. R. Wang,1
Victor Zaloom,1
Betsi M. Harris,1
Jared Saia,1
B. L. Wills,1
Neil W. Polhemus,1
D.W. Sifferd,1
Lisa Sokol,1
Ann Hayes,1
Mousumi Mitra,1
Scott Vifquain,1
Patrick B. Sampey,1
Y. Gonzalez,1
Thomas F. Shook,1
Charles J. Antonelli,1
Brent H. McCown,1
Prabhudeva Kavi,1
Joseph F. Faccenda,1
Martin H. Dost,1
D. G. Ebeling,1
Mark Zimmerman,1
Robert A. Carringer,1
Isi Mitrani,1
Young G. Chung,1
Garth L. Jarvis,1
M. Thomas Jones Jr.,1
Nguyen Duong,1
J. M. Sussman,1
Janis Church,1
T. R. Nicholas,1
B. S. Smith,1
E. B. Zucker,1
Joel S. Greenberg,1
Malte B. Rödiger,1
Thomas Moeller,1
Steven E. Shladover,1
A. Sawhney,1
Lee Rogin,1
A. Bendazzi,1
Murali S. Shanker,1
Russel E. Hauck,1
S. A. Szygenda,1
Yen W. Chao,1
Spyros Makridakis,1
John E. Bolton,1
R.R. Wehrman,1
Clifford C. Petersen,1
G.D. Smith,1
Carsten Thomas,1
Jay E. Braun,1
B. Tulskie,1
David M. Miller,1
Wesley Rearick,1
J.M. Charnes,1
W. K. Minger,1
S. Lavenberg,1
Shinji Nakamura,1
Phil McDermott,1
Tor-Christian Mathiesen,1
Randy E. Michelsen,1
J. B. Macintosh,1
K. Roscoe Davis,1
Augusto Legasto Jr.,1
Matthew T. Presley,1
T. Mastaglio,1
Sarah Allen,1
John Quackenbush,1
Cita M. Furlani,1
Nora K. Ryan,1
H. A. Anderson Jr.,1
Kenneth B. Frohlich,1
Dae S. Surh,1
Brad Armstrong,1
D. Krahl,1
William McQuay,1
H. Steven Procter,1
V. Chachra,1
Krys J. Kochut,1
T. Schulze,1
Joseph D. Smith,1
James D. Lutz,1
Albert B. Garcia,1
Edward A. Stohr,1
Susan J. Eggers,1
Pavlos Konas,1
Craig W. Waring,1
Jeffrey T. Watt,1
Jong S. Huang,1
Zhiqiang Chen,1
Divyakant Agrawal,1
John E. Barker,1
Alfred W. Pappano,1
Peter A. Fausch,1
Cindy L. Morey,1
Craig D. Bishop,1
Nelson M. Fraiman,1
R. Jayakrishnan,1
Hubert Chen,1
Edward H. Cooper,1
M.K. Nakayama,1
James P. Whitford,1
Ricardo J. Gomez,1
Michael D. Hall,1
Susan T. Wilson,1
T.W. Carroll,1
D.M. Profozich,1
Pratap Thondapu,1
S. Madala,1
D.G. Fritz,1
David C. Evans,1
Thomas B. Robey,1
Shinya Ozeki,1
Bryan L. Deuermeyer,1
Claude Dennis Fegden,1
Olugbenga Mejabi,1
D. McNickle,1
Edward S. Pearsall,1
Alan Hind,1
Peter R. Sugges Jr.,1
A. Larry Wright,1
G.W. Barr,1
B.A. Malloy,1
B. Mustafa Pulat,1
Edmund W. Schuster,1
R. L. Bagrodia,1
Michael W. Garrambone,1
Robert Capettini,1
John J. Helly Jr.,1
Stephen Zorn,1
Richard J. Giglio,1
Richard R. Booy,1
John Ramberg,1
R. E. Theile,1
Christopher H. Nevison,1
Wayne N. Wagner,1
Jon Shapiro,1
Manuel D. Rossetti,1
Donnie R. Ford,1
O.H. Embry,1
P. Shahabuddin,1
William G. Lese Jr.,1
Jeffrey B. Schulz,1
Dana B. Rogers,1
Robert S. Hight,1
M. Pool,1
William P. Rundren,1
Stephen J. Buckley,1
Joel Luna,1
Rassul Ayani,1
James R. Jansen,1
James D. Arthur,1
Arvind P. Kumar,1
Wei-Pin Chen,1
Don Caughlin,1
David Sly,1
Stephen L. Conner,1
Edward L. Mooney,1
K.B. Zandin,1
Ted Pollak,1
Takeshi Utsumi,1
R. B. Beadle,1
Robert K. Perdue,1
J. Wayne Anderson,1
Richard Kopka,1
David W. O'Brien,1
Floyd H. Grant,1
A. Ogita,1
Chris C. Micheal,1
Robert L. Moose Jr.,1
William P. Pollard,1
Thad Janowiak,1
Max D. Morris,1
Jason A. Green,1
M.G. McComas,1
John E. Branstrator,1
Paul J. Nolan,1
Jeffrey H. Fenton,1
J. Richard Bacon,1
Eunmi Choi,1
Jean J. Oreilly,1
Susan A. King,1
David Freeman,1
Huifen Chen,1
Dean H. Kropp,1
S. X. Zhang,1
M.W. Golawy,1
John H. Blackstone Jr.,1
Donald F. DuBois,1
Susanne R. Morton,1
William P. Niedringhaus,1
Vasant Sanjeevan,1
Raymod M. Bryant,1
S. Das,1
Paul P. Boehm,1
Richard W. Garrett,1
Andy Harjanto,1
David R. Freeman,1
Melba M. Crawford,1
E.C. Garcia,1
Mesbah U. Ahmed,1
Nancy A. Markovitch,1
Harald Pschunder,1
D.S. Smith,1
Christopher J. Green,1
M. Scott Corson,1
J. H. Keeney,1
Richard B. Howe,1
F. Tom Sparrow,1
Henry Lau,1
Matthew Rohrer,1
Barry Shore,1
Anil Aggarwal,1
John F. Paul,1
P. N. Formica,1
J. M. Panchal,1
Shigeki Umeda,1
Richard Harper,1
Ashok Rao,1
Sheryl A. Horn,1
Constantine Lazos,1
Thomas W. Brinker,1
John A. Quandt,1
Pamela E. Joseph,1
Venkataseshan Baskaran,1
Lotfi K. Gaafar,1
R. Dale VonRiesen,1
Donald E. Pearson,1
K. Malbrouk,1
Linda F. Atherton,1
W. Kemple,1
M. Hybinette,1
Phillip M. Dickens,1
Janet E. Williams,1
A.G. Brandstein,1
William L. Kuhn,1
James A. Calloway,1
Richard Corsi,1
Leroy C. Sanders,1
D.C. Lach,1
John J. Borsi,1
P. Massotte,1
Mohamed Nahhas-Mohandes,1
Shamkant B. Navathe,1
Charles W. Beall,1
Parker S. Owen,1
John B. Wallace Jr.,1
Kenneth E. Dominiak,1
C. J. Campbell,1
Mark M. Turnquist,1
Richard A. Reid,1
Robert Bacon,1
Doo-Kwon Baik,1
Harry C. Page,1
Jeff Kaminski,1
R. Green,1
George L. Good,1
Frank R. Vitale,1
Reza M. Pirasteh,1
Gary McDonald,1
William E. Miles,1
George E. Heidorn,1
Manfred D. Stansfield,1
Z. Ma,1
James R. Emshoff,1
Andrew C. Sieveking,1
Robert DeMoyer Jr.,1
A. J. Taylor,1
R. Rolen,1
Charles Marshall,1
Thomas J. Behlau,1
Frank P. Testa,1
John M. Nevison,1
M. Rumekasten,1
Xiao-Gao Liu,1
Bradley C. Hosmer,1
Reza Shojalashkari,1
Kimmo E. E. Raatikainen,1
J. A. Gerth,1
Ali Boroujerdi,1
John L. Evans,1
J. W. B. Mates,1
James H. Bookbinder,1
Bruce F. Powers,1
Joseph W. Gibson,1
M. L. Bailey,1
G. L. Hogg,1
Philip L. Moser,1
Randall Bolten,1
Ronald S. Reagan,1
Ludwig J. Hollick,1
R. Bruce Taylor,1
Victor F. Nicola,1
Robert M. Meyer,1
Jung Pyo Hong,1
L. Jackson Turvaville,1
Frank D. Chance,1
Spencer M. Smith,1
David S. Jennings,1
John W. Slocum Jr.,1
C.L. Blais,1
Salvatore C. Catania,1
W.H. Struble,1
S.V. Davis,1
James M. Masters,1
Joseph A. Viceroy,1
A.C. Chow,1
Paul Auclair,1
Irma Angulo,1
Gregory S. Parnell,1
Barry R. Sedlik,1
William Begenyi,1
Alonzo F. Hixon III,1
W. N. Friend,1
Leon F. McGinnis,1
Georgia-Ann Klutke,1
E. G. Hurst Jr.,1
Kenneth Pickard,1
Eugene Y. Yang,1
Anand S. Aggarwal,1
Gajanana Nadoli,1
Jaehwan Yang,1
V.D. Churchwell,1
J. Everton,1
Joe Heim,1
Moshe M. Barash,1
Ronald A. Seaberg,1
E. M. Winter,1
Alonso F. Hixson III,1
Peter C. Bell,1
Charles H. Kimpel,1
Jack R. A. Mott,1
Philip S. Becker Jr.,1
Bridget A. Moore,1
Gary J. Minden,1
Dayr A. Reis,1
Barbara Gates,1
Robert B. Whitegiver,1
K. Tumay,1
Jeffrey L. Benson,1
Stacy D. Hill,1
Robert E. Muller,1
Richard A. Ankener,1
D.M. Nicol,1
Thomas A. Bishop,1
R.A. Kilgore,1
Takeshi Ohara,1
Darcy M. Palmer,1
Katherine Wages,1
Christine M. Geinzer,1
Edward Barkmeyer,1
David J. Miller,1
Leo H. Bressman,1
Bruce Sanders,1
Harry M. Markowitz,1
Timothy S. Moore,1
Patrick J. Delaney,1
William L. Berry,1
Charlotte Laqui,1
Dietrich Fischer,1
Wil A.H. Thissen,1
David Katz,1
Edward L. Hannan,1
J.A. Runner,1
Michael Elhadad,1
Mark H. Ralston,1
John C. Fellingham,1
Samuel H. Parry,1
Jeff D. Griffiths,1
George S. Thomas,1
C. Nirmal Hasan,1
J. F. Huang,1
Mark A. Pool,1
James R. Jancaitis,1
Y. Kidani,1
John Weaver,1
Richard F. Deckro,1
W. V. Albanes,1
S. L. Mabry,1
Stephen Mathewson,1
L. H. Chen,1
Scott G. Shanks,1
Kalman J. Cohen,1
R.R. Hill,1
Luis B. Boza,1
James L. Kerney,1
Richard K. Dumas,1
Chunxi Wan,1
T. R. Willemain,1
Volkmar Hinz,1
Frank Cheng,1
Arnold J. Almanzor,1
John W. Wolfsberger,1
J. Thomas Bauner,1
H.W. Beck,1
G. R. Lawrence,1
C. Kirsch,1
Sam A. Edwards,1
Amit P. Sheth,1
Fritz A. Callies,1
R. R. Klimpel,1
S.R. Shaver,1
W. W. Menke,1
Z. Graber,1
R. W. Hawkins,1
P.J. Sanchez,1
W.D. Rowe,1
John E. Hammann,1
L.W. Terry,1
Frank M. Davis,1
John Halloran,1
R. W. Baker,1
David G. Dippold,1
S.S. Joshi,1
Jeffery E. Payne,1
Michael Araten,1
Robert Wojcik,1
W. Richard Davison,1
Thomas C. McGuigan,1
S. K. Kachhal,1
H. K. Watson,1
John A. Noecker,1
Jay Varzandeh,1
R. Rajagopal,1
Marelys L. Garcia,1
John G. Goble,1
Gastone Chingari,1
Lawrence K. Fried,1
Cynthia Erikson,1
Jacob Rootenberg,1
Maurice S. Elzas,1
James K. Hightower,1
Glenn A. Kent,1
Timothy I. Chen,1
Eldon A. Gunn,1
Richard E. Baker,1
D. Joshi,1
Paul Mellema,1
T. I. Oren,1
V. Rego,1
Robert G. Chamberlain,1
Robert K. Rasmussen,1
Nachum Finger,1
Kathryn B. Laskey,1
R. James Firby,1
Ravinder R. Purumandla,1
Bernhard P. Zeigler,1
Waheed Siddigee,1
Herbert Praehofer,1
Hanns-Oskar Porr,1
Jerome L. Uhrig,1
W.A. Thompson,1
D.W. Ross,1
Tor Heimly,1
Margaret A. Draeger,1
Thomas Schriber,1
James M. Pruett,1
Y. Lee,1
I.J. Bier,1
Claude D. Pegden,1
S. J. Deutsch,1
Juan A. Gomez-Pulido,1
Richard J. Swersey,1
N. N. Tendolkar,1
M. Fox,1
Claude Farris,1
John E. Snyder,1
B. L. Capehart,1
Stephen J. Mahler,1
Sushil Prasad,1
Keeborn Kang,1
Joseph J. Redden,1
Norbert E. Pobanz,1
Allen B. Fonda,1
Arun Jayaraman,1
Alan Norton,1
J.N. Robinson,1
Richard J. Linn,1
P. Simin Pulat,1
Scott Peterson,1
S.B. Joshi,1
Adam Beguelin,1
Raymond Murray,1
Brent E. Spronk,1
Jeffrey J. Leavy,1
Elias R. Callahan,1
Donald Lausch,1
Y. Chen,1
Peng Si Ow,1
Jack C. Hayya,1
M. David Martin,1
Jim Nickerson,1
Chien Huo,1
Lawrence Marsh,1
Phiroz P. Darukhanavala,1
John P. Mullen,1
Young Jack Lee,1
Nancy Wigglesworth,1
D. J. Bryg,1
Ronald D. Painter,1
Carl Pratt,1
Lawrence J. Gitman,1
Michael G. Ketchum,1
Yun Qing-xia,1
V. Gulewicz,1
John R. Wynnyckyj,1
John E. Brennan,1
P. H. Watson,1
R. Fujimoto,1
Neal N. McCollom,1
Larry H. Johnson,1
Bruce Kleine,1
K. A. Doshi,1
Pinyuen Chen,1
George Morales,1
W.J. Pelton,1
Mary Ann Grelinger,1
J. M. Magerlein,1
Roman D. Fresnedo,1
Theodore Ono-Tesfaye,1
William M. Lively,1
Richard Q. Blackwell,1
Oldrich A. Vasicek,1
Ronald Perry,1
C. J. Ancker Jr.,1
Paul Nolan,1
Simon Streltsov,1
S. Thallikar,1
Mark S. Roberts,1
Ronald K. Leighton,1
J.D. Arthur,1
J. M. Horowitz,1
C.B. King,1
Benjamin Lev,1
Charles N. Winton,1
William A. Laidig,1
E. F. Mykytka,1
Andreas Philippakis,1
Thierry Delaitre,1
I.D. Tommelein,1
R. Geist,1
A. D. Patton,1
Edward J. Marien,1
L. K. Menonen,1
Robert G. Lagoni,1
Hannes Werthner,1
Roger F. Naill,1
Paul R. Becker,1
C. J. Pearson,1
C. M. Gempesaw II,1
William B. Allen,1
Dennis M. Gilbert,1
Raphael Parambi,1
D.W. Swindle Jr.,1
B.W. Mazzioti,1
Ramesh K. Shukla,1
Thomas F. Schuppe Jr.,1
K.J. Musselman,1
Lawrence T. Akutagawa,1
Douglas S. Skrien,1
Neil B. Bromberg,1
Gopal Meempat,1
Randall R. Gibson,1
Cindy S. Sievers,1
Leonard C. Kingsley,1
Rodney Daughtrey,1
Hani S. Mahmassani,1
Dale Kratzer,1
Suhil Prasad,1
A. Gerson Greenburg,1
Frederick V. Crowley,1
M. J. Anderson,1
K. W. Laing,1
Thomas W. Spilker,1
Toby J. Mitchell,1
Judith F. Gilsinn,1
Richard C. Baxter,1
Tom P. Vayda,1
Peter Amladi,1
Vinod Bhatia,1
David E. Barnett,1
O. Patrick Daily,1
G. R. Weckman,1
Orville G. Tranby,1
Carol A. Park,1
J. Tew,1
James L. Baumann,1
Robert M. Oliver,1
Robert S. Taylor Jr.,1
G. V. Raju,1
Darrell W. Donahue,1
Michael J. Murphy,1
M.A. Duffy,1
P. R. Tadikamalla,1
Hamed Kamal Eldin,1
S.C. Roy,1
Peter Colesar,1
R. V. Oakford,1
J.C. Martinez,1
William Maxwell,1
Chisato Hashimoto,1
Thomas G. Bailey,1
A.T. Irwin,1
Lee Neuwirth,1
Linda F. Wilson,1
J.L. Kays,1
F. Perry Sioshansi,1
J.C. Lowery,1
Ken Klitz,1
Fred W. Prior,1
